,Graph File,Algorithm,Reg,Stepsize,Clique Size,Valid,Runtime (s),History
0,C250-9.mtx,FW,l2,Optimal Gamma (LS),35,True,0.06025480000062089,"[0.8974880000000007, 0.9022470637719572, 0.9058488743409674, 0.9096157615889707, 0.9129960615295011, 0.9164656260255415, 0.9199627120735624, 0.9230888876233456, 0.926207636797773, 0.9292816585476659, 0.9322813871795155, 0.935184649311503, 0.937975873000226, 0.9404561634598141, 0.9428434179021843, 0.9451312301090484, 0.9473161744068241, 0.9493971884942759, 0.9512585589681237, 0.953038245615192, 0.9547367290327085, 0.9562669329559348, 0.9577329655938552, 0.9591357277785354, 0.9604766216038956, 0.9616935907892231, 0.9628613673379751, 0.9639811277618352, 0.9650542586133517, 0.9660822964965852, 0.9670224903580528, 0.9679264663641991, 0.9687953515820716, 0.9695942337741973, 0.9702477442041323, 0.9708736953826888, 0.9714571773368492, 0.9720269332315525, 0.9725475673416061, 0.9730245213312432, 0.9734623124665562, 0.9738651144979634, 0.9742365484717197, 0.9745798549092384, 0.9748979904344229, 0.9751936304088132, 0.9754691798530247, 0.9757267899342192, 0.9759680409928964, 0.9761945945758314, 0.9764079407908194, 0.976609413361212, 0.9768002045933339, 0.976981100494366, 0.9771530411882983, 0.9773168731068212, 0.9774731296631113, 0.9776224902148289, 0.9777655708081501, 0.977902930224898, 0.978034891747965, 0.9781619127785637, 0.9782844111976856, 0.9784027690052856, 0.9785173356596986, 0.9786282864959522, 0.9787359137901575, 0.9788404867758549, 0.9789421321527307, 0.9790407385141463, 0.979136477094119, 0.9792294679763782, 0.9793198797896564, 0.9794077905990901, 0.979493279508157, 0.9795764258867002, 0.9796573093846124, 0.9797360094576806, 0.979812605012257, 0.9798871740171531, 0.9799597930491835, 0.9800305368398426, 0.9800994778660627, 0.9801666864466799, 0.9802322302796199, 0.9802961742430492, 0.9803585802523507, 0.9804195071708268, 0.9804790115714237, 0.9805371470945735, 0.9805939644586977, 0.9806495123455858, 0.9807038367308356, 0.9807569809397289, 0.9808089857170939, 0.9808598901685137, 0.9809097310658407, 0.9809585429263784, 0.9810063580969988, 0.9810532068416805, 0.9810991182480212]"
1,C250-9.mtx,PFW,l2,Optimal Gamma (LS),33,True,0.04611372000035772,"[0.5, 0.75, 0.8125, 0.875, 0.890625, 0.90625, 0.921875, 0.9375, 0.94140625, 0.9453125, 0.94921875, 0.953125, 0.95703125, 0.9609375, 0.9648437500000001, 0.96875, 0.9697265625000001, 0.9707031250000002, 0.9716796875000003, 0.9726562500000003, 0.9736328125000003, 0.9746093750000003, 0.9755859375000003, 0.9765625000000003, 0.9775390625000003, 0.9785156250000003, 0.9794921875000003, 0.9804687500000003, 0.9814453125000003, 0.9824218750000002, 0.9833984375000001, 0.984375, 0.9846191406250001, 0.9846801757812501, 0.9847412109375001, 0.9847564697265627, 0.9847717285156253, 0.9847869873046877, 0.9848022460937499, 0.9848060607910157, 0.9848098754882815, 0.9848136901855471, 0.9848175048828128, 0.9848213195800785, 0.984825134277344, 0.9848289489746096, 0.984832763671875, 0.9848337173461915, 0.9848346710205079, 0.9848356246948243, 0.9848365783691407, 0.9848375320434571, 0.9848384857177734, 0.9848394393920897, 0.9848403930664062, 0.9848413467407227, 0.9848423004150388, 0.9848432540893554, 0.9848442077636718, 0.984845161437988, 0.9848461151123044, 0.9848470687866209, 0.9848480224609373, 0.9848482608795163, 0.984848320484161, 0.9848483800888058, 0.984848394989967, 0.9848484098911284, 0.9848484247922896, 0.9848484396934507, 0.9848484434187409, 0.9848484471440314, 0.9848484508693217, 0.984848454594612, 0.9848484583199023, 0.9848484620451926, 0.9848484657704827, 0.9848484694957729, 0.9848484704270956, 0.9848484713584184, 0.9848484722897408, 0.9848484732210635, 0.984848474152386, 0.9848484750837088, 0.9848484760150313, 0.9848484769463536, 0.9848484778776764, 0.9848484788089991, 0.9848484797403216, 0.9848484806716442, 0.9848484816029667, 0.9848484825342892, 0.9848484834656116, 0.9848484843969345, 0.984848484629765, 0.9848484846879727, 0.9848484847461804]"
2,C250-9.mtx,AFW,l2,Optimal Gamma (LS),30,True,0.01785331999999471,"[0.5, 0.75, 0.8333333333333333, 0.875, 0.9, 0.9166666666666666, 0.9285714285714285, 0.9375, 0.9444444444444446, 0.9500000000000003, 0.9545454545454548, 0.9583333333333333, 0.9615384615384616, 0.964285714285714, 0.9666666666666666, 0.9687499999999998, 0.9705882352941174, 0.9722222222222224, 0.9736842105263158, 0.9750000000000002, 0.9761904761904764, 0.9772727272727273, 0.9782608695652174, 0.9791666666666669, 0.98, 0.980769230769231, 0.9814814814814815, 0.9821428571428571, 0.9827586206896549, 0.9833333333333334]"
3,C250-9.mtx,PGD,l2,Optimal Gamma (LS),34,True,0.08003219999955036,"[0.8974880000000007, 0.897849925765019, 0.8982105070574663, 0.8985698840607645, 0.8989281955185808, 0.8992855788586365, 0.8996421703145375, 0.8999981050458573, 0.900353517256508, 0.9007085403116084, 0.9010633068529127, 0.9014179489129595, 0.9017725980280685, 0.9021273853502736, 0.9024824417583368, 0.9028378979679699, 0.9031938846413167, 0.9035505324959137, 0.9039079724131475, 0.9042663355463594, 0.9046257534287105, 0.9049863580809366, 0.9053482821190292, 0.9057116588620386, 0.9060766224400604, 0.9064433079025178, 0.9067899420430052, 0.9071362441312852, 0.9074846855455967, 0.9078353879736618, 0.9081884746464358, 0.9085440704310366, 0.9089023019248946, 0.9092632975512315, 0.9096271876559584, 0.9099941046060565, 0.9103641828895481, 0.9107236305885954, 0.9110702056200047, 0.9114168335374458, 0.9117567788973495, 0.9120994726388433, 0.9124450223260783, 0.912793537134686, 0.9131451279213162, 0.9134999072942299, 0.9138579896850153, 0.9142194914215108, 0.9145845308019238, 0.9149530734874902, 0.9153179764826843, 0.9156867161823464, 0.9160587008373222, 0.9164313695376354, 0.9168008891727761, 0.9171660112260844, 0.9175352395800669, 0.9179055780566201, 0.9182756359336226, 0.918644081983711, 0.9190101985916943, 0.9193790198841304, 0.9197502368334894, 0.9201243699477292, 0.9204898687578147, 0.920857390095892, 0.921220662150485, 0.9215717959798575, 0.9219206155062676, 0.9222730163741298, 0.9226229937765272, 0.9229587520448609, 0.9232848707271893, 0.9236046490778826, 0.9239179027453129, 0.9242239643599522, 0.9245275877512386, 0.9248252639862057, 0.9251254410139169, 0.9254246582861682, 0.92572529700165, 0.926024450860835, 0.9263228222550121, 0.9266216126006086, 0.9269169172300274, 0.927206224554351, 0.9274876624691365, 0.9277648139524729, 0.9280322368288352, 0.9282957347839775, 0.9285614777585268, 0.928824395385753, 0.9290791430082264, 0.9293309055035516, 0.9295845695672642, 0.9298401992554509, 0.9300924872323283, 0.930344206327743, 0.930591628581354, 0.9308367368596463, 0.9310839484560629]"
4,C250-9.mtx,FW,l0,Optimal Gamma (LS),35,True,0.10239199999978155,"[0.5489647828682176, 0.5565852053494744, 0.562681921600021, 0.5688971515578491, 0.5744378733180657, 0.5798510582749187, 0.5850188366850899, 0.5895116337639743, 0.5937458765166216, 0.5976944318989039, 0.6013482524659455, 0.6047108553901488, 0.6077939083645312, 0.6104557038884766, 0.6129103260834033, 0.6151707437578382, 0.6172507761358704, 0.6191643875555943, 0.6208374625351143, 0.6223883586578494, 0.6238263431141149, 0.624878443881729, 0.6260917289019012, 0.6272223536133186, 0.6282767977911737, 0.6292610362331388, 0.6301396311585643, 0.630965094649015, 0.6317411706870812, 0.6324713329010653, 0.6331588012899596, 0.6337114248894289, 0.6342117035000107, 0.6347829148427665, 0.6353231492475735, 0.635834506773413, 0.6362994627085137, 0.636670284066964, 0.6370101007527817, 0.6373224602635534, 0.6376038081408513, 0.6379352014461058, 0.6381877845469457, 0.6384864283693947, 0.6387146127143238, 0.6389271014773213, 0.6391254808374672, 0.6393111549519456, 0.6394816055497561, 0.6396418324387744, 0.6397927641758747, 0.6399352329580174, 0.6400699850760363, 0.6401951648188453, 0.6403126159821302, 0.6404324206804344, 0.6405463012026136, 0.6406468657697149, 0.6407428940993866, 0.6408347169073672, 0.6409226382147641, 0.6410055492728131, 0.6410850977323699, 0.6411615102435833, 0.6412325144467719, 0.6413074512976518, 0.6413771752704794, 0.6414507051558993, 0.6415134090546019, 0.6415740388726463, 0.6416327198349164, 0.6416900772472931, 0.6417455561648364, 0.6418044101113216, 0.6418594055764364, 0.6419121346960959, 0.6419603188977776, 0.642007955526559, 0.6420531515065011, 0.6420970144704234, 0.6421428436498704, 0.6421866197493412, 0.6422291748327027, 0.6422702171963723, 0.6423101423914901, 0.6423489962198178, 0.6423868220527061, 0.642423660955824, 0.6424588003025876, 0.6424955681391333, 0.6425294481029609, 0.642562483575018, 0.6425945083723197, 0.6426257723563915, 0.6426563026134424, 0.6426861249373998, 0.6427150879069546, 0.6427433994157559, 0.6427705202417733, 0.6427991621194837, 0.642825073138283]"
5,C250-9.mtx,PFW,l0,Optimal Gamma (LS),35,True,0.06963082000002033,"[-0.06952834371006403, 0.3714918998073458, 0.4608566214640995, 0.5502213431208532, 0.5663526073332985, 0.5824838715457439, 0.5986151357581893, 0.6147463999706345, 0.6175167880268351, 0.6202871760830355, 0.6230575641392362, 0.6258279521954366, 0.6285983402516371, 0.6313687283078377, 0.6341391163640383, 0.6369095044202389, 0.6373978812170129, 0.6378862580137873, 0.6383746348105618, 0.6388630116073359, 0.6393513884041102, 0.6398397652008844, 0.6403281419976586, 0.6408165187944327, 0.641304895591207, 0.6417932723879811, 0.6422816491847554, 0.6427700259815299, 0.6432584027783042, 0.6437467795750784, 0.6442351563718525, 0.6447235331686266, 0.6448164753573759, 0.644909417546125, 0.6450023597348743, 0.6450294178309122, 0.6450564759269498, 0.6450835340229873, 0.645110592119025, 0.6451376502150628, 0.6451647083111003, 0.6451719362705595, 0.6451791642300186, 0.6451863921894778, 0.6451936201489369, 0.6452008481083958, 0.6452080760678551, 0.645215300449689, 0.6452225248315228, 0.6452297492133565, 0.6452369735951904, 0.645244197977024, 0.6452514223588575, 0.6452532870996941, 0.6452551518405303, 0.6452570165813667, 0.6452588813222029, 0.6452607460630396, 0.6452626108038758, 0.6452644746068803, 0.6452663384098845, 0.6452682022128895, 0.6452700660158935, 0.6452719298188986, 0.6452723890338694, 0.6452728477172464, 0.6452733064006235, 0.6452737650840005, 0.6452742237673779, 0.6452746822148505, 0.6452751406623243, 0.645275598644333, 0.6452760566263416, 0.6452765146083501, 0.6452769725903587, 0.6452774301794599, 0.6452778877685619, 0.6452780032812391, 0.6452781187183607, 0.6452782341554822, 0.6452783494542904, 0.6452784647530975, 0.6452785800129386, 0.6452786952727793, 0.6452788105326199, 0.6452789257924608, 0.6452789545200843, 0.6452789832477079, 0.6452790119605875, 0.6452790406734668, 0.645279069343256, 0.6452790979753414, 0.6452791266032571, 0.6452791552156856, 0.6452791838281133, 0.6452792123716187, 0.6452792409151241, 0.6452792694438997, 0.6452792979726754, 0.6452793264720997, 0.6452793549715239]"
6,C250-9.mtx,AFW,l0,Optimal Gamma (LS),34,True,0.029419240000424906,"[-0.06952834371006403, 0.3714918998073458, 0.4963305432625526, 0.5502213431208325, 0.5787578044099885, 0.5958645809051106, 0.6070182703249474, 0.6147463999699181, 0.620353543951684, 0.6245714617974768, 0.627837951673843, 0.6304287960341111, 0.632525205550219, 0.634250515197549, 0.6356912094339587, 0.6369095044186661, 0.637951162832926, 0.6388505062234436, 0.6396337214212502, 0.6403210962989985, 0.6409285651656149, 0.6414687981803855, 0.6419519830330858, 0.6423863948649057, 0.6427788178844214, 0.6431348614405967, 0.6434591998739028, 0.6437557565776026, 0.6440278467137333, 0.6442782889349662, 0.6445094936242529, 0.6447235331669222, 0.6449221983478396, 0.6451070439413065]"
7,C250-9.mtx,PGD,l0,Optimal Gamma (LS),34,True,0.10732550000011543,"[0.5489647828682176, 0.5493268375978445, 0.5496880621442259, 0.5500485939395001, 0.5504085695640352, 0.550768124864581, 0.5511273950713058, 0.5514865149138926, 0.5518456187367597, 0.5522048406135874, 0.5525643144612213, 0.5529241741530901, 0.5532845536322694, 0.5536455870242702, 0.554007408749702, 0.5543701536369163, 0.5547339570347487, 0.5550989549254424, 0.5554652840379293, 0.5558330819615231, 0.5562024872601856, 0.5565736395874317, 0.5569466798020499, 0.5573217500847, 0.557698994055534, 0.5580754688694675, 0.5584323283917769, 0.5587917894700781, 0.5591539837051949, 0.5595190447590567, 0.5598871084606603, 0.560258312913961, 0.5606327986078031, 0.561010708527977, 0.5613921882715049, 0.5617773861633062, 0.5621648345889876, 0.5625315115672924, 0.5628966977664265, 0.5632560014442249, 0.5636151320183713, 0.5639776764908552, 0.5643437576508108, 0.5647135005004842, 0.5650870323402111, 0.5654644828550983, 0.5658459842035045, 0.5662316711073216, 0.56662168094425, 0.5670095923076226, 0.5674005203693, 0.5677950582318635, 0.5681909693182099, 0.5685860653757662, 0.5689749603314497, 0.5693687040719404, 0.5697640245679405, 0.5701591714223146, 0.5705527845443452, 0.5709450069578847, 0.5713390099467297, 0.5717375825019144, 0.5721389820221587, 0.5725317714951447, 0.5729279288087786, 0.5733159337244591, 0.5736926386124459, 0.5740700552842483, 0.5744494841539858, 0.5748219535136487, 0.5751825469187142, 0.5755312526771519, 0.5758745762757403, 0.5762087165804866, 0.5765399471536687, 0.5768630830572987, 0.5771883360542569, 0.5775136084416854, 0.577840007589983, 0.5781640893553607, 0.5784885701819744, 0.5788121067581784, 0.579132694238585, 0.5794485768719285, 0.5797580568813896, 0.5800597627450834, 0.5803508488364264, 0.5806394570703701, 0.5809308388499257, 0.5812169381953346, 0.5814987000599621, 0.5817759502357092, 0.5820556023649293, 0.5823368293061746, 0.5826146358631688, 0.5828906234645046, 0.5831599441312803, 0.5834317185400881, 0.5837051766204779, 0.5839798737981653, 0.5842542721698454]"
8,C250-9.mtx,FW,l2,Armijo Rule,35,True,0.03570980000040436,"[0.8974880000000007, 0.9018892499999948, 0.9052042695312478, 0.9092257297973682, 0.91301645230579, 0.9171277238600957, 0.9213332908234291, 0.9250861224705749, 0.9288184064899296, 0.9324275809455795, 0.9358485440785945, 0.9390431968001632, 0.9419926458851184, 0.9445151779656582, 0.9468540467823432, 0.949001354013572, 0.9509574205567465, 0.9527280641425994, 0.9542322193959187, 0.9556041763508913, 0.9568473767225594, 0.9579073406927026, 0.958874054621154, 0.9597499766097184, 0.9605394133146573, 0.9612122858169818, 0.9618228541393287, 0.9623737957847893, 0.9628686513465478, 0.9633114358924187, 0.963688157588106, 0.9640277927009975, 0.9643326324533492, 0.9645930338230116, 0.9647855426081102, 0.964960280909017, 0.9651039871850249, 0.9652135015978142, 0.9653112014373693, 0.9653926500189784, 0.9654662994553947, 0.9655325663754967, 0.9655882789421, 0.9656389559429737, 0.9656847748304519, 0.9657259968112846, 0.9657629315485637, 0.9657959120952342, 0.9658236315802002, 0.9658486603065279, 0.9658711531713041, 0.9658912882363024, 0.9659092538651861, 0.9659243956406045, 0.9659380462120736, 0.9659502978743085, 0.9659606879173326, 0.9659700919490354, 0.965978559921444, 0.965986152722127, 0.9659926052810615, 0.965998436427018, 0.9660036804404842, 0.9660083774878414, 0.966012570501823, 0.9660161329814445, 0.9660193387119607, 0.9660222115305572, 0.9660246632533052, 0.9660264762812659, 0.9660281197799963, 0.9660294707437845, 0.9660305003061633, 0.9660314179312834, 0.9681123249568998, 0.9699356397399724, 0.9715321507796304, 0.9729288670717887, 0.9741495428292094, 0.9752149988033952, 0.9761434992140838, 0.9769510587971044, 0.9776517124906673, 0.9782577369509258, 0.978779907275759, 0.9792276275643537, 0.979609109707088, 0.9799315139287854, 0.9802010609453434, 0.9804231753201516, 0.980602542454213, 0.9807431957472547, 0.9808486181494307, 0.9809217744286869, 0.9809651774738167, 0.9809809293129164, 0.9814767100823885, 0.9819220642582647, 0.9823179591766846, 0.9826650739111563, 0.9829637894857148]"
9,C250-9.mtx,PFW,l2,Armijo Rule,32,True,0.03385126000011951,"[0.5, 0.75, 0.8125, 0.875, 0.890625, 0.90625, 0.921875, 0.9375, 0.94140625, 0.9453125, 0.94921875, 0.953125, 0.95703125, 0.9609375, 0.96484375, 0.96875, 0.9697265625, 0.970703125, 0.9716796875, 0.97265625, 0.9736328125, 0.974609375, 0.9755859375, 0.9765625, 0.9775390625, 0.978515625, 0.9794921875, 0.98046875, 0.9814453125, 0.982421875, 0.9833984375, 0.984375]"
10,C250-9.mtx,AFW,l2,Armijo Rule,31,True,0.04344414000006509,"[0.5, 0.75, 0.8125, 0.828125, 0.83203125, 0.8330078125, 0.833251953125, 0.83331298828125, 0.8749885559082031, 0.8984310626983643, 0.9116174727678299, 0.9190348284319043, 0.9232070909929462, 0.9255539886835322, 0.9268741186344869, 0.9276166917318989, 0.9280343890991931, 0.9282693438682963, 0.9284015059259166, 0.9284758470833281, 0.928517663984372, 0.9285411859912093, 0.928554417120055, 0.9285618596300311, 0.9285660460418925, 0.9374958790008241, 0.9443327823600058, 0.9495672864943793, 0.9535749537222593, 0.956643323943605, 0.9589925448943224, 0.9607882844950437, 0.9621635079630542, 0.9632145216656527, 0.9640158934427842, 0.9646236501790395, 0.9650788252516658, 0.9654095759791492, 0.9656559070708528, 0.9658364543899076, 0.965975566391391, 0.966080019610086, 0.9661504043709291, 0.9661931075962759, 0.9662127529614791, 0.96829396175635, 0.9701088765109165, 0.9716861756034236, 0.9730501725983217, 0.974221121787588, 0.975215430980303, 0.9760457788340068, 0.9767211308645455, 0.9772466446254414, 0.977724726087614, 0.9781217661109255, 0.9784459248241274, 0.9787523790126429, 0.9789985135801714, 0.9791881503230271, 0.9793701563604715, 0.9795130020434212, 0.9796097437629767, 0.9796639969770222, 0.9796786381208299, 0.980166633561888, 0.9805951402202898, 0.9809645556347919, 0.9813197920311807, 0.9815954431476265, 0.9818592575396634, 0.982046700449573, 0.9821751797519959, 0.9822867909911382, 0.982373128615434, 0.9824625161797831, 0.9825351929097859, 0.9825831436803444, 0.9826397623271349, 0.9826769804299715, 0.9826892753345196, 0.9827182040562678, 0.9827210503874793, 0.9828361532723062, 0.9829466958179516, 0.9830495429483435, 0.9831383624509177, 0.9832234385446978, 0.9833058870875203, 0.9833824909922787, 0.9834389401339517, 0.9834979681694004, 0.9835278773922185, 0.9835584856672368, 0.9835763080031189, 0.9835968856113242, 0.9836013882509343, 0.9836093760217208, 0.9836121883584735, 0.9836373007500356, 0.9836614343545095]"
11,C250-9.mtx,PGD,l2,Armijo Rule,34,True,0.024208799999541952,"[0.8974880000000007, 0.8978516686768304, 0.898213980231082, 0.8985750768776218, 0.89893509936429, 0.8992941870985987, 0.8996524782725519, 0.9000101099856089, 0.9003672183659028, 0.9007239386899139, 0.9010804055006688, 0.9014367527246182, 0.9017931137873382, 0.9021496217281421, 0.9025064093137551, 0.9028636091511627, 0.9032213537997349, 0.903579775882788, 0.9039390081986585, 0.9042991838314091, 0.9046604362613152, 0.9050228994752049, 0.9053867080767992, 0.9057519973971209, 0.9061189036051439, 0.9064869882385399, 0.9068331677020314, 0.9071814005727254, 0.9075318090089802, 0.9078845166604375, 0.9082396487621721, 0.9085973322300406, 0.9089576957572872, 0.9093208699125576, 0.9096869872393549, 0.910056182357057, 0.9104285920635812, 0.910785115078396, 0.9111338402668292, 0.9114803886679157, 0.911822481687454, 0.912167370119132, 0.9125151633944836, 0.9128659726013474, 0.9132199105552872, 0.913577091872162, 0.9139376330417845, 0.9143016525028881, 0.9146692707193471, 0.9150386737848948, 0.9154062320659271, 0.9157776939907678, 0.9161514243938855, 0.9165269626211724, 0.9168952479471779, 0.9172631891217706, 0.9176353083258072, 0.9180067772801966, 0.9183779267738409, 0.9187474280355642, 0.9191165005234218, 0.9194873224134241, 0.9198616529433129, 0.9202360522201893, 0.9206023958492745, 0.9209718915624773, 0.921332145831036, 0.9216836576188395, 0.9220353042892727, 0.922389460559922, 0.9227373220677512, 0.9230723877366567, 0.9233951411136204, 0.9237154738478178, 0.9240278647889538, 0.9243340175122223, 0.9246359564934792, 0.9249359731697585, 0.9252379500000314, 0.9255384087920794, 0.9258408416363109, 0.9261401888725588, 0.9264407275805906, 0.926739799770387, 0.9270353165019763, 0.9273236531935227, 0.9276018644142813, 0.9278785566811125, 0.9281433135873726, 0.9284090252259499, 0.9286770329413476, 0.9289370809384897, 0.9291901498312156, 0.929443960577873, 0.9296997198417009, 0.9299555502952572, 0.9302090381522401, 0.9304606628883558, 0.9307067227466862, 0.9309539977329331, 0.9312034269114642]"
12,C250-9.mtx,FW,l0,Armijo Rule,35,True,0.04088210000008985,"[0.5489647828682176, 0.5565547764001834, 0.5625162623276125, 0.5687013632508955, 0.5742392545018552, 0.5797467383896014, 0.5850580250054114, 0.5896795344112389, 0.5940893122928812, 0.598223282037341, 0.6020480967961179, 0.6055515087336394, 0.608735440303366, 0.6114347866993245, 0.613905950840427, 0.6161513747732839, 0.6181794624962822, 0.6200023162236438, 0.6208881602101177, 0.6225024398011847, 0.6239103819456566, 0.6251417981803655, 0.6261680712893349, 0.6270814250559944, 0.6278935189558101, 0.628614802954744, 0.628956208289732, 0.6295894652828536, 0.6301384840925781, 0.6306163210867665, 0.6310334455145293, 0.6313983778995755, 0.6315717606612277, 0.6318862189587503, 0.6321564488875332, 0.6323898833123318, 0.6324879327648942, 0.6326893601084952, 0.6327705917179679, 0.6328499726789507, 0.6330064617530677, 0.6330625510266301, 0.6331941646108288, 0.6332365470040715, 0.6332782855183523, 0.6333179680325449, 0.633354819959963, 0.6333884877477853, 0.6334172422938117, 0.6334434044562012, 0.6334669903641181, 0.6334881084633024, 0.6335069193201044, 0.6335171765499517, 0.6335332562372991, 0.6335472217313982, 0.6335593805821931, 0.6335694923108186, 0.6335784417825696, 0.6335863581640586, 0.6335933561068896, 0.6335968060256822, 0.6336028639336116, 0.6336081048981351, 0.6336126568987721, 0.6336166226424644, 0.6336200856987653, 0.6336217513130666, 0.6336247204011337, 0.6336272693219573, 0.6336294690197477, 0.633630396433839, 0.6336322905062839, 0.6336330546459454, 0.6336338005180688, 0.6336352701623169, 0.6336357951952014, 0.633637030425771, 0.6351456245552931, 0.6364232943254603, 0.6375050235663967, 0.6384204522192023, 0.639194679112933, 0.6398489353563748, 0.6404012050940122, 0.6408666828724401, 0.6412582100773524, 0.641586633548618, 0.6418610743192792, 0.642089325618745, 0.6422778635783525, 0.6424321680810547, 0.6425568388044123, 0.6426557476493792, 0.6427321277782646, 0.6427886751205893, 0.6428275979763566, 0.6428508001448078, 0.642859760709177, 0.6431299901776648, 0.6433718637056087]"
13,C250-9.mtx,PFW,l0,Armijo Rule,33,True,0.037920520000079706,"[-0.06952834371006403, 0.3714918998073458, 0.4608566214640995, 0.5502213431208532, 0.5663526073332985, 0.5824838715457439, 0.5986151357581893, 0.6147463999706345, 0.6175167880268351, 0.6202871760830355, 0.6230575641392362, 0.6258279521954366, 0.6285983402516371, 0.6313687283078377, 0.6341391163640382, 0.6369095044202387, 0.637397881217013, 0.6378862580137872, 0.6383746348105614, 0.6388630116073357, 0.63935138840411, 0.639839765200884, 0.6403281419976583, 0.6408165187944326, 0.6413048955912068, 0.6417932723879811, 0.6422816491847553, 0.6427700259815294, 0.6432584027783037, 0.643746779575078, 0.6442351563718522, 0.6447235331686264, 0.6448164753573755, 0.6448435334538554, 0.6448705915503353, 0.6448778177214203, 0.6448850438925052, 0.6448922700635903, 0.6448994962346752, 0.6449013595019559, 0.6449032227692366, 0.6449050860365173, 0.644906949303798, 0.6449088125710786, 0.6449106758383593, 0.6449125391056398, 0.6449144023729205, 0.6449148752198641, 0.6449153480668077, 0.6449158209137513, 0.6449162937606949, 0.6449167666076383, 0.6449172394545819, 0.6449177123015255, 0.6449181851484691, 0.6449186579954127, 0.6449191308423563, 0.6449196036892999, 0.6449200765362434, 0.6449205493831869, 0.6449210222301305, 0.6449214950770741, 0.6449219679240177, 0.644922087010769, 0.6449220888357061, 0.644922090660643, 0.6449220906891489, 0.6449220907176548, 0.6449221194444867, 0.6449221481713187, 0.6449221483938086, 0.6449221486162986, 0.6449221488385697, 0.6449221490608408, 0.6449221561177949, 0.644922163174749, 0.6449221702317024, 0.6449221772886555, 0.6449221773169508, 0.6449221773452462, 0.6449221773735405, 0.644922177401835, 0.6449221774292686, 0.6449221774567024, 0.6449221774841363, 0.6449221775115699, 0.644922179260252, 0.6449221810089338, 0.6449221827576159, 0.6449221845062978, 0.6449221862549781, 0.6449221880036582, 0.6449221897523387, 0.6449221915010187, 0.6449221915044809, 0.6449221919397364, 0.6449221923749712, 0.644922192810206, 0.6449221932403508, 0.6449221936704956, 0.6449221941006407]"
14,C250-9.mtx,AFW,l0,Armijo Rule,31,True,0.045749899999827905,"[-0.06952834371006403, 0.3714918998073458, 0.4608566214640995, 0.4769878856765448, 0.4797582737327454, 0.48024665052951965, 0.4803395927182687, 0.5415823268563238, 0.572156388520402, 0.5871517021602155, 0.5944151678460837, 0.5979102925946251, 0.5995908125526802, 0.6004025295596952, 0.6094463120797122, 0.6154221119384041, 0.6207376599459296, 0.6245224721368403, 0.6272172571521706, 0.6291369140388716, 0.6305057933837758, 0.6314833779919566, 0.6321828612380718, 0.6333442094516923, 0.6335106503858638, 0.6349246710108141, 0.6362674606289405, 0.6374087635919976, 0.6383792367688469, 0.6392048474058075, 0.6399075871169656, 0.6405060789830233, 0.6410160932514783, 0.6414509850056327, 0.6418220653100286, 0.6421210113006313, 0.6423775824948804, 0.6425821872062383, 0.6427292901767645, 0.6428018642521587, 0.6430268596989424, 0.6431991375751986, 0.6434178894398166, 0.6435383787048445, 0.6436974617975377, 0.643775398938311, 0.6438694744424591, 0.6439387317371543, 0.643970087735785, 0.6439972564688792, 0.644017944965371, 0.6440350251459106, 0.6440618530287339, 0.6440682350781649, 0.6440841729536791, 0.6441048580987557, 0.6441208419144547, 0.6441442254455035, 0.6441497775553459, 0.6441650701494847, 0.6441841958238497, 0.6441953276524695, 0.6442178458045289, 0.6442234861865124, 0.6442283944882286, 0.644260119250237, 0.6442883471896841, 0.6443085583800413, 0.6443262605725604, 0.6443347976075893, 0.644345591169377, 0.644350869450576, 0.6443554815550356, 0.6443622173584189, 0.644376269053733, 0.6443896774440785, 0.6443967101007192, 0.6444042321942046, 0.6444105929294287, 0.6444155736845264, 0.6444199854776642, 0.6444249548162024, 0.6444306553661057, 0.6444379126414175, 0.6444433910956805, 0.6444483041545062, 0.6444551128881353, 0.6444599712810112, 0.6444616792902192, 0.6444632415593838, 0.6444663694299038, 0.6444708336114796, 0.6444712086156934, 0.644474311777808, 0.6444744166139295, 0.644475107423629, 0.6444765758764851, 0.6444776889744548, 0.6444806870056103, 0.6444832561482796, 0.6444860488337584]"
15,C250-9.mtx,PGD,l0,Armijo Rule,34,True,0.027713299999959418,"[0.5489647828682176, 0.5493285817560343, 0.5496915427733695, 0.5500538053460526, 0.5504155080321818, 0.5507767886431392, 0.5511377843634717, 0.5514986318697976, 0.5518594674488249, 0.5522204271146196, 0.5525816467252946, 0.5529432620991547, 0.5533054091304876, 0.5536682239051169, 0.5540318428157789, 0.5543964026775152, 0.5547620408431618, 0.5551288953190425, 0.5554971048810307, 0.5558668091910499, 0.5562381489141411, 0.5566112658362705, 0.556986302982901, 0.5573634047385252, 0.5577427169672635, 0.5581182661679913, 0.5584771530274744, 0.558838682748724, 0.5592029890953525, 0.559570207945491, 0.559940477400569, 0.5603139378960947, 0.560690732314535, 0.5610710061004313, 0.5614549073777959, 0.5618425870699959, 0.5622298580549094, 0.5625962352200509, 0.5629637795557527, 0.5633230824979133, 0.5636845777396149, 0.5640495431933619, 0.5644181038517789, 0.5647903869800801, 0.5651665222034192, 0.5655466415960597, 0.5659308797723502, 0.5663193739796419, 0.5667119165457317, 0.5671012193841692, 0.5674951229805948, 0.5678915988696631, 0.5682906533318721, 0.5686846272682955, 0.5690766244622714, 0.5694735538812867, 0.5698702133835185, 0.5702666582094035, 0.5706615349212852, 0.5710565749977738, 0.5714532953200862, 0.5718553291107227, 0.5722565482034282, 0.5726510730834236, 0.5730484296525407, 0.5734338984433391, 0.5738117729255612, 0.5741923786455961, 0.574573425826638, 0.5749417741579, 0.5753020096223673, 0.575649519922813, 0.5759900486168076, 0.5763244462798024, 0.576654996631924, 0.5769798344567165, 0.5773077786083078, 0.5776338902617064, 0.5779623797094526, 0.5782867569152947, 0.5786128972357297, 0.5789366581411154, 0.5792589160451396, 0.5795736167145245, 0.5798798929850236, 0.5801808888495568, 0.5804696497536679, 0.5807607879128266, 0.581053487656399, 0.5813379575639047, 0.5816181883080671, 0.5818978063831108, 0.5821798827197274, 0.5824605412029109, 0.5827397942573112, 0.5830131751320027, 0.5832848481742672, 0.5835591427414331, 0.5838340341704873, 0.5841100910109094, 0.5843849076663497]"
16,C500-9.mtx,FW,l2,Optimal Gamma (LS),42,True,0.7367322000000058,"[0.8996560000000008, 0.9025960062739236, 0.9058152779250582, 0.9089886495592906, 0.9123327380068024, 0.9157802947415865, 0.9192683372357797, 0.9220438206488999, 0.9248738394458257, 0.9277187495384069, 0.9304140777933069, 0.9330828024270047, 0.9357009571372841, 0.9382497806948064, 0.9406251467033591, 0.9429229875185069, 0.9451353472395749, 0.9471889942043722, 0.949160936768815, 0.9509923035663991, 0.9527484203000897, 0.9544288382278745, 0.9560341363690251, 0.9575656816440484, 0.9589879901486826, 0.9603464502466739, 0.9616430178407762, 0.9628799023753076, 0.9640594784534245, 0.9651586398664462, 0.9661853180201808, 0.9671683142986625, 0.9680888915364244, 0.9689718522118164, 0.9698186805849852, 0.9706140506846753, 0.9713625336523407, 0.9720681764865539, 0.9727345748242173, 0.9733778421018846, 0.9739743771791718, 0.9745249508300653, 0.975052724987198, 0.9755654618766947, 0.9760426750197815, 0.9764816853734549, 0.9768860212586652, 0.9772590231843439, 0.977603810163416, 0.9779231638361564, 0.9782193648321983, 0.978494552480256, 0.9787506517552214, 0.9789894395611648, 0.9792125505808861, 0.9794214786412463, 0.9796174812657156, 0.9798017682781349, 0.9799754370288768, 0.9801393811917732, 0.980294487346416, 0.9804414669039828, 0.980581039366237, 0.9807138572011883, 0.9808405117291521, 0.9809615387395622, 0.9810773457727847, 0.9811883717178531, 0.9812950157576755, 0.9813976411681461, 0.9814965787949592, 0.9815920666806198, 0.9816843213824344, 0.9817735949319168, 0.9818600658631523, 0.981943946843825, 0.9820254338366903, 0.9821046613171531, 0.9821817531721676, 0.9822568237889204, 0.9823299790066081, 0.9824013522287628, 0.9824710003356761, 0.9825389678284887, 0.98260534471682, 0.9826702319229041, 0.9827336697524031, 0.9827956833161715, 0.9828562990604526, 0.9829155451962686, 0.9829734517859826, 0.9830300504478493, 0.9830853737975717, 0.9831394553768592, 0.9831923294215645, 0.9832440306497051, 0.9832945940143154, 0.9833440544418477, 0.983392446612106, 0.9834398047450108, 0.9834861624048926]"
17,C500-9.mtx,PFW,l2,Optimal Gamma (LS),40,True,0.6959672799997861,"[0.5, 0.75, 0.8125, 0.875, 0.890625, 0.90625, 0.921875, 0.9375, 0.9414062500000001, 0.9453124999999999, 0.9492187499999999, 0.9531249999999999, 0.95703125, 0.9609375, 0.96484375, 0.96875, 0.9697265625000001, 0.9707031250000002, 0.9716796875000003, 0.9726562500000003, 0.9736328125000003, 0.9746093750000004, 0.9755859375000003, 0.9765625000000004, 0.9775390625000003, 0.9785156250000003, 0.9794921875000004, 0.9804687500000004, 0.9814453125000002, 0.982421875, 0.9833984375000002, 0.9843750000000002, 0.9846191406250001, 0.9848632812500003, 0.985107421875, 0.9853515625000008, 0.9855957031250003, 0.9858398437500008, 0.9860839843750003, 0.9863281250000007, 0.9863891601562506, 0.9864501953125009, 0.9865112304687506, 0.9865722656250009, 0.9866333007812509, 0.986694335937501, 0.986755371093751, 0.986816406250001, 0.986877441406251, 0.9869384765625004, 0.9869995117187508, 0.9870605468750008, 0.9871215820312503, 0.9871826171875006, 0.9872436523437501, 0.9873046875000002, 0.9873199462890629, 0.9873352050781256, 0.987350463867188, 0.9873657226562504, 0.987380981445313, 0.9873962402343757, 0.9874114990234382, 0.9874267578125008, 0.9874305725097664, 0.9874343872070322, 0.9874382019042978, 0.9874420166015635, 0.9874458312988293, 0.987449645996095, 0.98745346069336, 0.9874572753906257, 0.9874610900878913, 0.9874649047851574, 0.987468719482423, 0.9874725341796886, 0.9874763488769541, 0.9874801635742197, 0.9874839782714847, 0.9874877929687504, 0.987488746643067, 0.9874897003173833, 0.9874906539916998, 0.9874916076660164, 0.9874925613403326, 0.9874935150146491, 0.9874944686889655, 0.9874954223632821, 0.9874956607818606, 0.9874958992004401, 0.9874961376190189, 0.9874963760375979, 0.9874966144561771, 0.9874968528747562, 0.9874970912933357, 0.9874973297119147, 0.9874975681304939, 0.987497806549073, 0.9874980449676521, 0.9874982833862311, 0.9874985218048102]"
18,C500-9.mtx,AFW,l2,Optimal Gamma (LS),37,True,0.21434406000007583,"[0.5, 0.75, 0.8333333333333333, 0.875, 0.8999999999999999, 0.9166666666666666, 0.9285714285714286, 0.9375, 0.9444444444444444, 0.9500000000000001, 0.9545454545454545, 0.9583333333333334, 0.9615384615384613, 0.9642857142857141, 0.9666666666666667, 0.96875, 0.9705882352941179, 0.9722222222222219, 0.9736842105263159, 0.9749999999999995, 0.9761904761904765, 0.9772727272727274, 0.9782608695652172, 0.9791666666666666, 0.98, 0.980769230769231, 0.9814814814814817, 0.9821428571428573, 0.982758620689655, 0.9833333333333336, 0.9838709677419358, 0.9843749999999998, 0.984848484848485, 0.9852941176470585, 0.9857142857142858, 0.9861111111111112, 0.9864864864864865]"
19,C500-9.mtx,PGD,l2,Optimal Gamma (LS),39,True,1.0010927000002994,"[0.8996560000000008, 0.9000156858006024, 0.900374253573221, 0.9007319477405767, 0.90108901110952, 0.9014456852017626, 0.901802210581766, 0.9021588271824118, 0.9025157746289906, 0.9028732925620198, 0.9032316209594872, 0.9035910004589672, 0.9039516726803472, 0.9043138805494042, 0.9046778686230611, 0.9050438834166709, 0.9054121737339679, 0.9057829910001913, 0.9061565895989402, 0.90653322721333, 0.9069131651720131, 0.907296668800573, 0.9076840077789959, 0.9080754565057172, 0.9084712944688147, 0.9088718066250606, 0.9092772837874262, 0.909682056826375, 0.9100910378286335, 0.9104994624502865, 0.910909883354557, 0.911322931899876, 0.9117328786627037, 0.9121467368618413, 0.9125606199276652, 0.9129799705032695, 0.9133992499462207, 0.9138156423998187, 0.9142284020964404, 0.914646202562511, 0.915069460269041, 0.9154956055232418, 0.9159215331331041, 0.9163486939558597, 0.9167721503570975, 0.9171859844279281, 0.9175828964856154, 0.9179743708027176, 0.9183674774621441, 0.9187603152013908, 0.9191523420921651, 0.9195473249897637, 0.9199435550788354, 0.9203349284308828, 0.9207228864429915, 0.9211130010180112, 0.9215032691374693, 0.921894992908425, 0.9222799624267649, 0.9226617267040114, 0.9230326705121658, 0.9233950567858923, 0.9237547273667919, 0.9241127027526969, 0.9244726846611725, 0.9248293078139557, 0.9251859264886864, 0.9255390951756874, 0.9258928949685845, 0.9262430713653248, 0.9265885734756479, 0.926930737592468, 0.9272709783943444, 0.9276061731137736, 0.9279416788336807, 0.9282660056528383, 0.9285826891835035, 0.9288999252488725, 0.9292173873099941, 0.9295381510852053, 0.9298525346968396, 0.9301619462235773, 0.9304727764951222, 0.9307816799853792, 0.9310923007732972, 0.9314002966775283, 0.9317026847923591, 0.9320013428719889, 0.9322948074287501, 0.9325867970702771, 0.9328758080050413, 0.9331644763349556, 0.9334543592510804, 0.9337446280139359, 0.9340309993518608, 0.9343176717128672, 0.9346053762618736, 0.934893193141259, 0.9351757141906771, 0.9354601208340424, 0.935746411186688]"
20,C500-9.mtx,FW,l0,Optimal Gamma (LS),43,True,1.1369899999999689,"[0.5504001812208845, 0.5556508333738878, 0.5614401784164724, 0.5671371995096148, 0.5728988638613322, 0.5785331207110033, 0.583907964664611, 0.5882156584032964, 0.5923371761618585, 0.5962296754136556, 0.5997503930750694, 0.6030400193225499, 0.6060956078842412, 0.6089216706583774, 0.611455683749244, 0.613798339702399, 0.6159607360187744, 0.6179044146877133, 0.6197028873855502, 0.6213666015223527, 0.6228692722354214, 0.6242642924452098, 0.6255598542725688, 0.6267637093718543, 0.6278583965471395, 0.6288796753664567, 0.6298331706072646, 0.63072410232184, 0.6314477199074382, 0.6322392735521198, 0.6329800595820223, 0.6336602330227595, 0.634208043036256, 0.6348059841305149, 0.6353693616637683, 0.6359006984854956, 0.6363926701319318, 0.6368582798183052, 0.6372394863062891, 0.6376546973247673, 0.6380415257311005, 0.6384096145887954, 0.6387145643078361, 0.6389951165162309, 0.6393092855398647, 0.6396094466889387, 0.6398487898137943, 0.6401167170014189, 0.6403736279104354, 0.6406156723244344, 0.6408067163898329, 0.6409846524078573, 0.6411506999091223, 0.6413042766154977, 0.6414481459654913, 0.641583175893153, 0.6417101495948424, 0.6418285069191112, 0.641940198809183, 0.6420457831873788, 0.6421447404667411, 0.6422385836208739, 0.6423277159546624, 0.6424116762172232, 0.6424916467628016, 0.6425679241289098, 0.6426407800186267, 0.6427098237319131, 0.6427759319521982, 0.6428380874835327, 0.6429020548947788, 0.6429634603683834, 0.6430196761173492, 0.6430725298060472, 0.6431273652929503, 0.6431798476440018, 0.6432277915049702, 0.6432741623311369, 0.6433190537371295, 0.6433614197478594, 0.643405324133493, 0.6434478984363928, 0.643487099962218, 0.6435244138484166, 0.6435629850263489, 0.6435999007802282, 0.6436380871797482, 0.6436713022800356, 0.6437055905537221, 0.6437390267255844, 0.643769910776214, 0.6437991601685747, 0.6438299654143896, 0.6438591156550586, 0.6438897065913722, 0.6439187574788336, 0.6439469933293884, 0.6439745571209243, 0.6440014722523388, 0.6440277611859497, 0.6440533508531703]"
21,C500-9.mtx,PFW,l0,Optimal Gamma (LS),38,True,0.7163336599998729,"[-0.06952834371006403, 0.3714918998073458, 0.4608566214640995, 0.5502213431208532, 0.5663526073332985, 0.582483871545744, 0.5986151357581893, 0.6147463999706346, 0.6175167880268352, 0.6202871760830357, 0.6230575641392363, 0.6258279521954369, 0.6285983402516375, 0.6313687283078379, 0.6341391163640384, 0.6369095044202389, 0.6373978812170131, 0.6378862580137877, 0.6383746348105619, 0.6388630116073362, 0.6393513884041104, 0.6398397652008847, 0.6403281419976589, 0.640816518794433, 0.6413048955912073, 0.6417932723879816, 0.6422816491847556, 0.6427700259815299, 0.6432584027783043, 0.6437467795750784, 0.644235156371852, 0.6447235331686265, 0.6448164753573755, 0.6449094175461244, 0.6450023597348735, 0.6450953019236227, 0.6451882441123717, 0.6452811863011212, 0.645308244397159, 0.6453353024931967, 0.645362360589234, 0.645389418685272, 0.6454164767813098, 0.6454435348773472, 0.6454705929733847, 0.6454976510694225, 0.6455247091654601, 0.6455517672614978, 0.6455788253575354, 0.645605883453573, 0.6456131114130325, 0.6456203393724915, 0.6456275673319508, 0.64563479529141, 0.6456420232508691, 0.645649251210328, 0.6456564791697872, 0.6456637071292464, 0.6456709350887054, 0.6456781630481645, 0.6456853910076237, 0.6456926189670826, 0.6456998433489164, 0.6457070677307507, 0.6457088178188801, 0.6457105679070099, 0.6457123170854739, 0.6457140662639391, 0.6457158154424039, 0.6457175646208688, 0.6457193137993331, 0.6457210629777981, 0.6457228121562623, 0.6457245613347271, 0.6457250065208604, 0.6457254517069938, 0.6457258968931272, 0.6457263420792605, 0.6457267867419842, 0.6457272314047076, 0.6457276756095801, 0.6457281198144533, 0.6457285637939507, 0.6457290077734483, 0.6457294505306292, 0.6457298932878104, 0.6457303360449915, 0.6457307788021726, 0.6457312215593534, 0.6457316643165345, 0.6457321070737156, 0.6457325498308969, 0.6457326596279477, 0.6457327694249996, 0.6457327971283222, 0.6457328248316438, 0.6457328522498895, 0.6457328796681334, 0.6457328866114243, 0.6457328935547142, 0.6457329004605781]"
22,C500-9.mtx,AFW,l0,Optimal Gamma (LS),39,True,0.38169796000001954,"[-0.06952834371006403, 0.3714918998073458, 0.4963305432625526, 0.5502213431208323, 0.5787578044099883, 0.5958645809051104, 0.6070182703249472, 0.614746399969918, 0.620353543951684, 0.6245714617974768, 0.6278379516738429, 0.6304287960341111, 0.632525205550219, 0.6342505151975493, 0.6356912094339586, 0.6369095044186659, 0.6379511628329256, 0.638850506223444, 0.6396337214212502, 0.6403210962989986, 0.6409285651656149, 0.6414687981803856, 0.6419519830330861, 0.642386394864906, 0.6427788178844214, 0.6431348614405964, 0.6434591998739025, 0.6437557565776024, 0.6440278467137337, 0.6442782889349665, 0.6445094936242527, 0.6447235331669219, 0.6449221983478399, 0.6451070439413065, 0.645279425815122, 0.6454405313210477, 0.6455914043359057, 0.645732966011718, 0.645866032062074]"
23,C500-9.mtx,PGD,l0,Optimal Gamma (LS),39,True,0.9586219000002529,"[0.5504001812208845, 0.5507599982528246, 0.5511192208205803, 0.5514780912889103, 0.5518368514670309, 0.55219574293427, 0.5525550073652263, 0.5529148868551004, 0.5532756242456691, 0.5536374634524838, 0.5540006497938652, 0.5543654303221678, 0.5547320541579703, 0.5551007728276773, 0.555471840605114, 0.5558455148577272, 0.5562220563979342, 0.556601729840236, 0.5569848039646877, 0.5573715520873065, 0.5577622524381518, 0.5581571885475781, 0.5585566496414325, 0.5589609310457886, 0.5593703346020031, 0.5597851690926645, 0.5602049994155626, 0.5606246099594779, 0.5610483216185903, 0.5614737326452113, 0.5619001861837973, 0.5623282050924154, 0.5627569600060196, 0.563187738440678, 0.5636210555059813, 0.5640592831323584, 0.5644963742020279, 0.564930136355858, 0.5653634493232877, 0.5658045717689154, 0.5662495572153358, 0.5666958865129814, 0.5671441954302509, 0.5675906267980444, 0.5680295065391554, 0.5684559724189967, 0.5688684620311361, 0.5692825993811987, 0.5696958641742385, 0.5701108561074453, 0.5705262112835783, 0.570946213477006, 0.5713610492837307, 0.5717739096082188, 0.5721866176134853, 0.5725999029485845, 0.5730141892463145, 0.5734232988574915, 0.5738282417301903, 0.5742233432187462, 0.5746094773236672, 0.5749924251208508, 0.5753735319481934, 0.5757562740705577, 0.5761370214953823, 0.5765169631223617, 0.5768941783455219, 0.5772712727472795, 0.5776451606154123, 0.5780140949262598, 0.5783805920086846, 0.5787453390484738, 0.5791060635241035, 0.5794622071305475, 0.5798068415740034, 0.5801462503588551, 0.5804879846190392, 0.5808316099318616, 0.5811767447581054, 0.5815121614406107, 0.5818475608427504, 0.5821810814302136, 0.5825149523970681, 0.5828486632087004, 0.5831760727143438, 0.5835014311649764, 0.5838227358418802, 0.5841388800741454, 0.5844529047042887, 0.5847668630041949, 0.5850800783644227, 0.5853945010133741, 0.5857076366856114, 0.5860199755136227, 0.5863330131020141, 0.5866457296786843, 0.5869547576347431, 0.5872659528935805, 0.5875782784000974, 0.5878916177732062, 0.5882033338137604]"
24,C500-9.mtx,FW,l2,Armijo Rule,43,True,0.5101193000000421,"[0.8996560000000008, 0.9015803750000032, 0.9047763808593693, 0.9083956861266991, 0.9125274955306111, 0.9168815935629917, 0.9212570461443583, 0.9247332257103075, 0.9282905132210059, 0.9317979193105635, 0.9350376149190837, 0.9381345902509812, 0.9410452224484004, 0.9437457468761228, 0.9461492935497866, 0.9483605769595843, 0.9503782753095015, 0.9521555201862744, 0.9537712666509572, 0.955231485474476, 0.9565101287012094, 0.9576642745923485, 0.9587012041270456, 0.9596292290655233, 0.9604368237502081, 0.9611603640247876, 0.9618063969423748, 0.9623815792404449, 0.9628924461146966, 0.9633452598767132, 0.9637368129936882, 0.9640769929276595, 0.9643807562546598, 0.9646512239838597, 0.9648861260605975, 0.9650956563758664, 0.9652779653713733, 0.9654372078302544, 0.9655799071387317, 0.9657018690681733, 0.9658118395872556, 0.9659063638849471, 0.9659919622752287, 0.9660674688261692, 0.9661135462561335, 0.9661543519940278, 0.9661893557978519, 0.9662205220887301, 0.9662482044707575, 0.9662727418988011, 0.9662919333970776, 0.9663095014754469, 0.9663254672995047, 0.9663394699076155, 0.9663521691637738, 0.9663636232273799, 0.9663739075410163, 0.966382859498593, 0.9663909040340387, 0.9663981049877602, 0.9664043640923776, 0.9664099746093091, 0.9664149862525461, 0.9664193388322442, 0.9664232334133518, 0.966426707072138, 0.9664297969784794, 0.9664324741867817, 0.9664348615751093, 0.9664369848636611, 0.9664388690202836, 0.9664405377773017, 0.9664420133440365, 0.9664432870471199, 0.9664443918532682, 0.966445376704591, 0.9664462523424927, 0.9685290086636271, 0.9703576631817901, 0.9719628393413875, 0.9733714516605616, 0.9746071520749124, 0.9756906959242775, 0.9766403406563877, 0.9774720941908163, 0.9782000363310999, 0.978836509585514, 0.9793922810507648, 0.9798769245078693, 0.9802987742201664, 0.9806651444052202, 0.9809824381250247, 0.9812562606311448, 0.9814915013017401, 0.9816924586204376, 0.9818628690048593, 0.9820059841380463, 0.9821246357920532, 0.9822212759871333, 0.9822980234181159, 0.982356699135721]"
25,C500-9.mtx,PFW,l2,Armijo Rule,37,True,0.5581876000000193,"[0.5, 0.75, 0.8125, 0.875, 0.890625, 0.90625, 0.921875, 0.9375, 0.94140625, 0.9453125, 0.94921875, 0.953125, 0.95703125, 0.9609375, 0.96484375, 0.96875, 0.9697265625, 0.970703125, 0.9716796875, 0.97265625, 0.9736328125, 0.974609375, 0.9755859375, 0.9765625, 0.9775390625, 0.978515625, 0.9794921875, 0.98046875, 0.9814453125, 0.982421875, 0.9833984375, 0.984375, 0.984619140625, 0.98486328125, 0.985107421875, 0.9853515625, 0.985595703125, 0.98565673828125, 0.9857177734375, 0.98577880859375, 0.98583984375, 0.98590087890625, 0.9859619140625, 0.98602294921875, 0.986083984375, 0.98614501953125, 0.9862060546875, 0.9862213134765625, 0.986236572265625, 0.9862518310546875, 0.98626708984375, 0.9862823486328125, 0.986297607421875, 0.9863128662109375, 0.986328125, 0.9863433837890625, 0.986358642578125, 0.9863739013671875, 0.98638916015625, 0.9864044189453125, 0.986419677734375, 0.9864349365234375, 0.9864501953125, 0.9864654541015625, 0.9864671230316162, 0.9864687919616699, 0.9864704608917236, 0.9864733815193176, 0.9864763021469116, 0.9864792227745056, 0.9864799529314041, 0.9864806830883026, 0.9864814132452011, 0.9864821434020996, 0.9864828735589981, 0.9864836037158966, 0.9864837862551212, 0.9864839687943459, 0.9864841513335705, 0.9864843338727951, 0.9864845164120197, 0.9864846989512444, 0.986484881490469, 0.9864850640296936, 0.9864852465689182, 0.9864854291081429, 0.9864856116473675, 0.9864857941865921, 0.9864858202636242, 0.9864858463406563, 0.9864858724176884, 0.9864859180524945, 0.9864859636873007, 0.9864860093221068, 0.986486054956913, 0.9864861005917192, 0.9864861462265253, 0.9864861918613315, 0.986486224486498, 0.9864862571116646, 0.9864862897368312]"
26,C500-9.mtx,AFW,l2,Armijo Rule,40,True,0.5586651800002074,"[0.5, 0.75, 0.8125, 0.828125, 0.83203125, 0.8330078125, 0.833251953125, 0.83331298828125, 0.8749885559082031, 0.8984310626983643, 0.9116174727678299, 0.9190348284319043, 0.9232070909929462, 0.9255539886835322, 0.9268741186344869, 0.9276166917318989, 0.9280343890991931, 0.9282693438682961, 0.9284015059259165, 0.9284758470833281, 0.928517663984372, 0.9285411859912093, 0.9285544171200553, 0.928561859630031, 0.9285660460418925, 0.9374958790008241, 0.9443327823600057, 0.9495672864943795, 0.9535749537222593, 0.956643323943605, 0.9589925448943224, 0.9607911671847156, 0.9621682373757979, 0.9632225567408452, 0.9640297700047097, 0.9646477926598559, 0.9651209662552023, 0.9654832397891391, 0.9657606054635597, 0.9659729635580379, 0.9661346835209839, 0.9662586087055071, 0.9663529201509724, 0.966424131997021, 0.9664769116964764, 0.9665142728810651, 0.9665375430606038, 0.9665532847728192, 0.9665629167490748, 0.9665705559481631, 0.9665757870363412, 0.9665769096113156, 0.9686585011265807, 0.9704848722101722, 0.9720861402839566, 0.973488578693928, 0.9747150329426869, 0.9757852742035047, 0.9767162946319506, 0.9775225476745207, 0.9782161352241318, 0.9788069420456746, 0.9793027163402569, 0.9797440482076438, 0.9801239479138006, 0.9804492838216164, 0.98074266109234, 0.9809925014655905, 0.9812028750161358, 0.9813930657614323, 0.9815543165563987, 0.9816861260559119, 0.9817913512145602, 0.981872452441705, 0.9819315380073596, 0.9819704028126924, 0.9819905621891414, 0.9819932813083869, 0.9824882893357381, 0.9829394985582292, 0.9833481654240441, 0.9837153330951571, 0.9840417942675994, 0.9843281058431398, 0.9845745758131513, 0.9847812499616684, 0.9849478910591007, 0.9851015295599059, 0.985236008226895, 0.985363650361861, 0.9854814008005731, 0.9855817101586906, 0.9856766245106177, 0.9857641279837559, 0.9858354496090702, 0.9859028991684139, 0.985964581587059, 0.9860108938309786, 0.9860552146637076, 0.9860943602915344, 0.9861184688158884]"
27,C500-9.mtx,PGD,l2,Armijo Rule,39,True,0.29922960000021703,"[0.8996560000000008, 0.9000174181258918, 0.9003777080161461, 0.9007371176386876, 0.9010958933157784, 0.9014542800628222, 0.9018125219242298, 0.902170862306929, 0.90252954431225, 0.9028888110665393, 0.9032489060512485, 0.9036100734329436, 0.9039725583937765, 0.9043366074631409, 0.9047024688508305, 0.90507039278247, 0.9054406318376113, 0.9058134412912502, 0.9061890794591015, 0.9065678080474004, 0.9069498925077594, 0.9073356023975954, 0.9077252117468715, 0.9081189994315791, 0.9085172495547761, 0.908920251835697, 0.9093282596627088, 0.9097348491338352, 0.91014564583889, 0.9105567978968017, 0.9109692340473976, 0.9113835703481682, 0.9117963992270237, 0.9122124599161698, 0.9126286594372129, 0.913050130406241, 0.9134712638305935, 0.9138893622393185, 0.9143040539559418, 0.9147251485936958, 0.9151510739948655, 0.91557953308677, 0.9160074425834277, 0.9164361230354596, 0.9168596459050066, 0.9172725133710048, 0.91766912605467, 0.918063302926829, 0.918457937606326, 0.918852825375588, 0.9192463590274358, 0.9196443496272765, 0.9200417493114076, 0.9204340566368798, 0.9208235596614105, 0.9212160025452288, 0.9216080460291707, 0.9220007654408728, 0.922386552284521, 0.9227676684682944, 0.9231384374664304, 0.9235003480833163, 0.9238607922164233, 0.9242212608579838, 0.9245816475488043, 0.9249407355976668, 0.9252975137555437, 0.9256528224947997, 0.9260069122617713, 0.9263580288973849, 0.9267036790846538, 0.9270468498757485, 0.9273866251219735, 0.9277236085833318, 0.9280590646273524, 0.9283794899764641, 0.9286980739268264, 0.9290170904941285, 0.9293367483128434, 0.9296592313316437, 0.9299708777290085, 0.9302829362933045, 0.9305942408178578, 0.9309051488050354, 0.9312170334221337, 0.9315236179747444, 0.9318255740500166, 0.9321244342802987, 0.9324178287734659, 0.9327099031949612, 0.9330002859569542, 0.9332908130023073, 0.9335824299264927, 0.9338725645122313, 0.9341597472547706, 0.9344487821163878, 0.9347381872870886, 0.9350246058996868, 0.9353088320043794, 0.9355959730971454, 0.9358838558218742]"
28,C500-9.mtx,FW,l0,Armijo Rule,43,True,0.5385906999999861,"[0.5504001812208845, 0.5556211550475167, 0.5615460324036807, 0.5673943371356659, 0.5733270639317087, 0.5791229908205207, 0.5846438532268101, 0.589023867294872, 0.593290155187614, 0.5973507831054548, 0.6010200595145857, 0.60444909895775, 0.607615305174614, 0.6105116985866137, 0.6130647159509789, 0.6153895588159195, 0.6174931280160512, 0.6193349732991132, 0.6209990392703602, 0.6224951614359624, 0.6238002751818719, 0.6249737543293674, 0.626024640698478, 0.6269625925517702, 0.6274598579424842, 0.6282893487454954, 0.6290079693157511, 0.6296325623090864, 0.6301768212277616, 0.6306520114941512, 0.6310675082682177, 0.6312808705798958, 0.6316395399419408, 0.6319406841040984, 0.6322012662448018, 0.6324275490289737, 0.6326205045695406, 0.6327154673529093, 0.6328876259546948, 0.6330317259161808, 0.6330974195922426, 0.6332211467444271, 0.6333258340690675, 0.6333689726267254, 0.6334570106124279, 0.6335310918490258, 0.6335587146837486, 0.6336215154452329, 0.6336740899941782, 0.6337177965813474, 0.6337295284037467, 0.6337426798429118, 0.6337561740208131, 0.6337689190634277, 0.6337810953651961, 0.6337924518359614, 0.6338028684952544, 0.6338120624161463, 0.6338203870179085, 0.6338278657815789, 0.6338343795334485, 0.6338402124289928, 0.6338454119506343, 0.6338499194403128, 0.6338539393401904, 0.6338575128046313, 0.6338606811308796, 0.6338624396097516, 0.6338651868726541, 0.6338675604322002, 0.6338696178994792, 0.6338714061340454, 0.6338729636543305, 0.6338743224529755, 0.6338750332459704, 0.6338761977080285, 0.6338771746888747, 0.6338780192158221, 0.6338787518637561, 0.633879376135869, 0.6353782575615226, 0.6366497451584341, 0.6377283541201544, 0.6386433493510633, 0.6394197216935517, 0.6400784331782869, 0.6406372263688462, 0.6411113183681555, 0.6415133917290657, 0.6418541728728672, 0.6421429257109914, 0.6423873002319416, 0.6425938223974881, 0.6427679485671165, 0.6429144118714043, 0.643037154089521, 0.6431395022948261, 0.6432242692105361, 0.643293824623858, 0.643350164566065, 0.64339496572922]"
29,C500-9.mtx,PFW,l0,Armijo Rule,38,True,0.586131579999892,"[-0.06952834371006403, 0.3714918998073458, 0.4608566214640995, 0.5502213431208532, 0.5663526073332985, 0.5824838715457439, 0.5986151357581893, 0.6147463999706345, 0.6175167880268351, 0.6202871760830355, 0.6230575641392361, 0.6258279521954366, 0.6285983402516371, 0.6313687283078377, 0.6341391163640382, 0.6369095044202387, 0.637397881217013, 0.6378862580137872, 0.6383746348105614, 0.6388630116073357, 0.63935138840411, 0.639839765200884, 0.6403281419976583, 0.6408165187944326, 0.6413048955912068, 0.641793272387981, 0.6422816491847553, 0.6427700259815294, 0.6432584027783037, 0.643746779575078, 0.6442351563718522, 0.6447235331686264, 0.6448164753573755, 0.6449094175461246, 0.6450023597348737, 0.6450953019236227, 0.645188244112372, 0.645281186301121, 0.6453082443976008, 0.6453353024940809, 0.6453623605905606, 0.6453894186870406, 0.6454164767835204, 0.6454435348800003, 0.6454705929764801, 0.64549765107296, 0.6455247091694399, 0.6455517672659199, 0.6455788253623997, 0.6456058834588796, 0.6456131096299647, 0.6456203358010495, 0.6456275619721346, 0.6456347881432196, 0.6456420143143045, 0.6456492404853895, 0.6456564666564746, 0.6456636928275594, 0.6456709189986445, 0.6456781451697295, 0.6456853713408144, 0.6456925975118994, 0.6456998236829845, 0.6457070498540695, 0.6457078152665872, 0.6457085806791047, 0.6457093460916223, 0.6457101115041401, 0.6457108769166577, 0.6457116423291754, 0.6457124077416931, 0.6457131731542107, 0.6457139385667285, 0.6457147039792461, 0.6457160489716149, 0.645717393963984, 0.6457187389563528, 0.6457200839487218, 0.6457214289410906, 0.6457227739334596, 0.6457241189258285, 0.6457254639181973, 0.6457268089105663, 0.6457281539029351, 0.6457284949484172, 0.6457288359938994, 0.6457291770393815, 0.6457295180848636, 0.6457298591303458, 0.6457302001758278, 0.6457305412213099, 0.645730882266792, 0.6457310312013316, 0.645731180135871, 0.6457313290704106, 0.6457314780049501, 0.6457316269394897, 0.6457317758740291, 0.6457319248085687, 0.6457320737431083, 0.6457322226776477]"
30,C500-9.mtx,AFW,l0,Armijo Rule,39,True,0.5429569199999605,"[-0.06952834371006403, 0.3714918998073458, 0.4608566214640995, 0.4769878856765448, 0.4797582737327454, 0.48024665052951965, 0.4803395927182687, 0.5415823268563238, 0.572156388520402, 0.5871517021602155, 0.5944151678460837, 0.5979102925946251, 0.5995908125526803, 0.6004025295596952, 0.6094463120797122, 0.6154221119384041, 0.6207376599459296, 0.6245224721368405, 0.6272172571521706, 0.6291369140388718, 0.6305057933837758, 0.6314833779919566, 0.6321828612380718, 0.6333442094516926, 0.6335106503858636, 0.6349246710108141, 0.6362674606289405, 0.6374087635919978, 0.638379236768847, 0.6392048474058077, 0.6399075871169657, 0.6405060789830234, 0.6410160932514783, 0.6414509850056329, 0.6418220653100286, 0.6421389157177299, 0.6424096546144709, 0.6426411626520553, 0.6428392734664425, 0.6430089349646123, 0.6431543456803719, 0.6432790700264734, 0.6434713341274421, 0.6435499480908731, 0.6437647070047925, 0.6437893456043327, 0.64403144428762, 0.6442788489326938, 0.6444167205155982, 0.6446310328891486, 0.6448212254077414, 0.6449809678356384, 0.6450693294648284, 0.6451758038572435, 0.6452531171588217, 0.6453031237860813, 0.6453396413692933, 0.6453615830562133, 0.6453958544316187, 0.6454502615078007, 0.6455007940547879, 0.6455203201989628, 0.645546877748649, 0.6455607482570678, 0.6455811655263066, 0.6455895622644828, 0.6456008886478837, 0.6456033506695722, 0.6456063535404706, 0.6456112090112516, 0.6456119692936373, 0.6456287206750341, 0.6456357966630436, 0.6456400393256942, 0.6456446227301813, 0.6456488946210119, 0.6456538840746153, 0.64565868507618, 0.6456649968004593, 0.6456696613207178, 0.6456748828725332, 0.6456816180777925, 0.6456822403131861, 0.6456957263886101, 0.645696657851588, 0.6457099639409065, 0.6457109280532065, 0.6457242094319615, 0.6457369947452496, 0.6457480392714285, 0.6457592519611948, 0.645770664312096, 0.6457791008349264, 0.6457872631197632, 0.6457954153478876, 0.6458015628437581, 0.6458079814798523, 0.6458135443635897, 0.6458194684108141, 0.6458252500452158, 0.6458276544051567]"
31,C500-9.mtx,PGD,l0,Armijo Rule,39,True,0.3229910000000018,"[0.5504001812208845, 0.5507617318463269, 0.5511226828533833, 0.5514832801259634, 0.5518437689832854, 0.5522043945133766, 0.5525654019062007, 0.5529270367868846, 0.5532895455496387, 0.5536531756929779, 0.55401817615676, 0.5543847976616112, 0.5547532930513634, 0.555123917639057, 0.5554969295570304, 0.5558725901118415, 0.5562511641444783, 0.5566329203965343, 0.5570181318829945, 0.5574070762722175, 0.5578000362738122, 0.5581973000350346, 0.5585991615463876, 0.5590059210571934, 0.559417885501727, 0.5598353689367703, 0.5602570702375893, 0.5606794651690554, 0.5611051434079704, 0.5615329162865241, 0.5619621125987194, 0.5623915632232095, 0.5628231051416672, 0.5632558719191842, 0.563692435402803, 0.5641329894413794, 0.5645715580209227, 0.5650064832090822, 0.5654432525122428, 0.5658875562381374, 0.5663352560434651, 0.5667836870214218, 0.5672351603796827, 0.5676823929388034, 0.5681219564047172, 0.5685449677985556, 0.568959686065579, 0.5693756665177756, 0.5697915284698742, 0.5702077231314007, 0.5706267213498102, 0.5710481923019004, 0.5714643147888119, 0.5718783566815997, 0.5722936260691973, 0.5727086202235063, 0.5731251800318173, 0.573534179108101, 0.5739398147056983, 0.5743335540645531, 0.5747198109763314, 0.5751033715272891, 0.5754874294738856, 0.575870911928259, 0.5762536922753118, 0.5766344174187972, 0.5770138056381677, 0.5773914304531926, 0.5777659038082461, 0.5781355361710787, 0.5785029676917063, 0.5788685332299559, 0.5792296147810141, 0.5795841717318954, 0.5799274203705582, 0.5802685908319025, 0.5806125330273975, 0.5809595584038609, 0.5813034003259847, 0.5816390771888793, 0.5819756461593006, 0.5823108030315022, 0.5826460760453689, 0.5829795301437611, 0.5833075997484999, 0.5836326986402727, 0.5839530373661312, 0.5842701382946023, 0.5845852632876984, 0.5849005241912562, 0.5852158859502086, 0.5855316942912681, 0.5858448580250752, 0.586159658199367, 0.5864739733793335, 0.5867864039677184, 0.5870978207609643, 0.5874106307205258, 0.5877249253954069, 0.5880403264593181, 0.588352862374073]"
32,C2000-9.mtx,FW,l2,Optimal Gamma (LS),56,True,11.434807499999806,"[0.9000159999999564, 0.9013254932171253, 0.9028244595491417, 0.9042235898686197, 0.9059022584200849, 0.9077180576309984, 0.9097986162724706, 0.9120758965082297, 0.9145202320939435, 0.9171372357600233, 0.919806225081005, 0.9225679587425756, 0.9253470628165059, 0.9281124771213768, 0.93086579283456, 0.9335788651257195, 0.936205806100573, 0.9387356215187748, 0.9411611843260254, 0.9434962130574509, 0.9457185568466676, 0.9478439258342792, 0.9498709688994685, 0.9517877756896254, 0.9535991884619156, 0.9553207086831815, 0.9569551774750161, 0.9585059374593062, 0.959968615576212, 0.9613563233246459, 0.9626727969170328, 0.9639217804977772, 0.9651010879597963, 0.9662210287326483, 0.9672849592382096, 0.9682961018817268, 0.9692531253073642, 0.9701598259699827, 0.9710235319345485, 0.971843124031396, 0.9726216128541046, 0.9733649270759648, 0.9740720714097391, 0.9747426381707051, 0.9753819361244399, 0.9759919514260288, 0.9765768610820351, 0.9771357613055186, 0.9776577159433382, 0.9781599777554334, 0.9786397396565011, 0.9790966740230448, 0.979537419775607, 0.979961094704157, 0.98035946915359, 0.9807446295018427, 0.9811119417086334, 0.9814664107867165, 0.9818042711922973, 0.982120709557912, 0.9824166101677654, 0.9826931513538336, 0.9829512789309931, 0.9831920447708277, 0.9834165150694325, 0.9836257383123429, 0.9838207971359596, 0.984002717384514, 0.9841725033840165, 0.9843311109280483, 0.9844794479190729, 0.9846183712155158, 0.9847486702185172, 0.9848710714448878, 0.9849862406533407, 0.9850947986562238, 0.9851973008916626, 0.9852942648320554, 0.9853861620341959, 0.985473408834556, 0.9855563822273142, 0.9856354354004665, 0.9857108893700834, 0.9857830358958357, 0.9858521295530728, 0.9859184115711565, 0.9859821016344691, 0.9860433999704137, 0.9861024801456976, 0.9861595090965005, 0.9862146395238186, 0.9862680112729365, 0.986319744840288, 0.9863699507095527, 0.9864187374128652, 0.9864661981238221, 0.9865124186743995, 0.9865574844923182, 0.986601468607023, 0.9866444328688486, 0.9866864400481491]"
33,C2000-9.mtx,PFW,l2,Optimal Gamma (LS),56,True,9.684009239999796,"[0.5, 0.75, 0.8125, 0.875, 0.890625, 0.90625, 0.921875, 0.9375, 0.94140625, 0.9453125000000002, 0.9492187500000002, 0.9531250000000001, 0.9570312500000002, 0.9609375, 0.96484375, 0.96875, 0.9697265624999999, 0.9707031250000004, 0.9716796875000002, 0.9726562500000003, 0.9736328125000003, 0.9746093750000003, 0.9755859375000002, 0.9765625000000002, 0.9775390625000003, 0.9785156250000003, 0.9794921875000003, 0.9804687500000003, 0.9814453125000003, 0.9824218750000003, 0.9833984374999998, 0.9843750000000002, 0.984619140625, 0.9848632812500003, 0.9851074218750004, 0.9853515625000008, 0.985595703125, 0.9858398437500007, 0.9860839843750006, 0.9863281250000002, 0.9865722656250006, 0.9868164062500001, 0.9870605468750004, 0.9873046875000004, 0.9875488281250002, 0.9877929687500004, 0.9880371093750006, 0.9882812500000006, 0.9885253906250006, 0.9887695312500006, 0.9890136718750006, 0.9892578125000009, 0.989501953125001, 0.9897460937500008, 0.9899902343750003, 0.9902343750000009, 0.9902954101562504, 0.9903564453125009, 0.9904174804687506, 0.9904785156250012, 0.9905395507812507, 0.9906005859375011, 0.9906616210937507, 0.9907226562500012, 0.9907379150390638, 0.9907531738281264, 0.9907684326171888, 0.9907836914062512, 0.9907989501953133, 0.9908142089843762, 0.9908294677734387, 0.9908447265625014, 0.9908599853515637, 0.9908752441406262, 0.9908905029296888, 0.9909057617187511, 0.9909210205078132, 0.9909362792968756, 0.9909515380859379, 0.990966796875001, 0.9909706115722667, 0.9909744262695325, 0.9909782409667975, 0.9909820556640632, 0.9909858703613287, 0.9909896850585944, 0.9909934997558602, 0.9909973144531259, 0.9910011291503914, 0.9910049438476575, 0.9910087585449231, 0.9910125732421887, 0.9910163879394543, 0.9910202026367201, 0.9910240173339857, 0.9910278320312512, 0.9910316467285168, 0.9910354614257826, 0.9910392761230483, 0.9910430908203137, 0.9910469055175793]"
34,C2000-9.mtx,AFW,l2,Optimal Gamma (LS),52,True,5.333799779999936,"[0.5, 0.75, 0.8333333333333335, 0.875, 0.9, 0.9166666666666666, 0.9285714285714286, 0.9375000000000003, 0.9444444444444449, 0.95, 0.9545454545454547, 0.9583333333333331, 0.9615384615384613, 0.9642857142857143, 0.9666666666666667, 0.9687499999999998, 0.9705882352941178, 0.9722222222222222, 0.9736842105263158, 0.975, 0.9761904761904763, 0.9772727272727275, 0.9782608695652175, 0.9791666666666669, 0.98, 0.980769230769231, 0.9814814814814814, 0.9821428571428578, 0.9827586206896554, 0.9833333333333336, 0.9838709677419355, 0.9843749999999999, 0.9848484848484849, 0.9852941176470589, 0.9857142857142855, 0.9861111111111114, 0.986486486486487, 0.9868421052631581, 0.9871794871794871, 0.9874999999999998, 0.9878048780487807, 0.9880952380952381, 0.9883720930232562, 0.9886363636363641, 0.9888888888888888, 0.9891304347826086, 0.98936170212766, 0.9895833333333335, 0.9897959183673471, 0.99, 0.9901960784313724, 0.9903846153846154]"
35,C2000-9.mtx,PGD,l2,Optimal Gamma (LS),52,True,15.308177799999612,"[0.9000159999999564, 0.9003683550582798, 0.9007203028167561, 0.901072859491803, 0.9014270396698157, 0.901783862099177, 0.9021443554741617, 0.9025095642518645, 0.9028805545434674, 0.9032584201205985, 0.9036442885790477, 0.9040377020631338, 0.9044385620191535, 0.9048478656076275, 0.905262530502374, 0.9056847150712741, 0.9061105121394584, 0.9065386729137854, 0.9069695707800203, 0.9074001068835303, 0.9078363026785481, 0.9082685673401625, 0.9087027366419214, 0.909138395311987, 0.9095697998977429, 0.9099953425188922, 0.9104183264428587, 0.9108393923272667, 0.9112581390490204, 0.9116751114307258, 0.9120880899560565, 0.9125013431226292, 0.9129102249690565, 0.9133173826826808, 0.9137263052556063, 0.9141331522474232, 0.9145458476043317, 0.9149578703179325, 0.9153669932980801, 0.9157701599078553, 0.9161728197800795, 0.9165759135728855, 0.9169801076252101, 0.9173776881753624, 0.9177674685808173, 0.9181570902177777, 0.9185403444605509, 0.9189215049335931, 0.9193012092249531, 0.919680464239478, 0.920059337128516, 0.9204361435523476, 0.9208127498892331, 0.9211882997085526, 0.9215650059019348, 0.9219410455420316, 0.9223140803291037, 0.9226879152490856, 0.9230617491762485, 0.9234267916904925, 0.9237898276304766, 0.9241562514843804, 0.9245204437778297, 0.9248773876885545, 0.9252314693765823, 0.9255843073918565, 0.9259340675874237, 0.92628261701933, 0.9266281929648779, 0.9269676078607534, 0.9273026004476728, 0.9276303382521288, 0.9279596244684836, 0.9282878867077753, 0.9286156803587882, 0.9289439470682186, 0.9292713721707695, 0.929602204612344, 0.9299334570741934, 0.9302620770118001, 0.9305891502755199, 0.9309154781347214, 0.9312420494515974, 0.9315681088714824, 0.9318937837327099, 0.9322189202107409, 0.9325472765520536, 0.9328773681301237, 0.9332062266398944, 0.9335352978926644, 0.933862334104368, 0.9341892260049658, 0.9345107164227558, 0.9348324732798285, 0.9351536603255952, 0.9354775645215763, 0.9357983787665821, 0.936116391876392, 0.9364295806577744, 0.9367382322390606, 0.9370452268763999]"
36,C2000-9.mtx,FW,l0,Optimal Gamma (LS),56,True,17.919874100000015,"[0.5502031356443682, 0.5530125195681916, 0.5564999337460366, 0.5600950703745904, 0.5643023631072723, 0.5687429948376395, 0.57344997705409, 0.5781981515551773, 0.5828621687861479, 0.5873899305901498, 0.5916383474302133, 0.5956476484633906, 0.5993659632871574, 0.6027940874675564, 0.6059619584628272, 0.608877697114449, 0.6115387092981599, 0.6139661291268641, 0.6161808457621042, 0.6182136802615004, 0.6200700406467261, 0.6217761828142703, 0.6233453866075334, 0.6247829283035309, 0.6261022180522364, 0.6273209909385151, 0.6284483021281728, 0.6294923754373893, 0.6304562738653552, 0.631351857824759, 0.6321850988532216, 0.6329613914675161, 0.6336824775052659, 0.6343563655071207, 0.6349869662108805, 0.6355778178388621, 0.6361298167652596, 0.6366083926446402, 0.6370979527195042, 0.6375589836857445, 0.6379918982337023, 0.6383990034002544, 0.6387839123085541, 0.6391467681457509, 0.6394879275174905, 0.6398104528721018, 0.6400948050257541, 0.6403868137856862, 0.6406647644826955, 0.6409285399718418, 0.6411733810368745, 0.6414074466216104, 0.641629649766148, 0.6418272184923235, 0.642029821555997, 0.6422241961163033, 0.6424100841832754, 0.642573305341628, 0.6427413847705986, 0.6429007950747018, 0.6430539113630589, 0.6431899044808136, 0.6433168944147214, 0.6434353048816721, 0.643545840650823, 0.6436494121112937, 0.6437461116499179, 0.6438369766049576, 0.6439222731384042, 0.6440024630615444, 0.6440781541382457, 0.6441497071830218, 0.644217283537426, 0.6442811983003756, 0.6443417365664381, 0.6443992958674434, 0.6444539667038078, 0.6445060866150669, 0.6445558424238866, 0.6446032894521022, 0.6446485903417523, 0.6446919917971332, 0.6447336223724723, 0.6447735999676126, 0.6448119498959546, 0.6448488564934893, 0.6448844115043573, 0.6449186997006834, 0.6449517324703462, 0.6449836499136885, 0.6450145189800669, 0.6450444018228787, 0.6450735557621247, 0.6451027164669312, 0.6451298519697628, 0.6451562113748073, 0.6451817932080728, 0.6452066395542421, 0.6452308340452623, 0.645254369281388, 0.6452772433811236]"
37,C2000-9.mtx,PFW,l0,Optimal Gamma (LS),52,True,9.9914401,"[-0.06952834371006403, 0.3714918998073458, 0.4608566214640995, 0.5502213431208532, 0.5663526073332985, 0.5824838715457439, 0.5986151357581893, 0.6147463999706344, 0.6175167880268351, 0.620287176083036, 0.6230575641392363, 0.625827952195437, 0.6285983402516375, 0.631368728307838, 0.6341391163640386, 0.636909504420239, 0.6373978812170134, 0.6378862580137876, 0.6383746348105619, 0.6388630116073359, 0.6393513884041104, 0.6398397652008847, 0.6403281419976589, 0.6408165187944329, 0.6413048955912071, 0.6417932723879812, 0.6422816491847555, 0.6427700259815297, 0.6432584027783039, 0.6437467795750782, 0.6442351563718522, 0.6447235331686264, 0.6448164753573757, 0.6449094175461247, 0.6450023597348737, 0.6450953019236227, 0.645188244112372, 0.6452811863011214, 0.6453741284898706, 0.6454670706786197, 0.6455600128673687, 0.6456529550561179, 0.6457458972448671, 0.6458388394336163, 0.6459317816223653, 0.6460247238111144, 0.6461176659998635, 0.6462106081886126, 0.6463035503773618, 0.646396492566111, 0.6464894347548603, 0.6465823769436094, 0.6466094350396467, 0.6466364931356847, 0.6466635512317227, 0.64669060932776, 0.646717667423798, 0.6467447255198356, 0.6467717836158733, 0.6467988417119109, 0.6468258998079486, 0.6468529579039861, 0.6468800160000239, 0.6469070740960612, 0.6469133741133029, 0.6469196741305443, 0.6469259741477857, 0.6469322741650269, 0.6469385741822683, 0.6469448741995097, 0.6469511742167513, 0.6469574742339925, 0.646963774251234, 0.6469700742684751, 0.6469763742857162, 0.6469826743029574, 0.6469889709797283, 0.6469952676564987, 0.6470015643332694, 0.6470078610100403, 0.6470141576868103, 0.6470204543635814, 0.6470267510403518, 0.6470330477171222, 0.6470393443938928, 0.6470456410706631, 0.6470519377474335, 0.6470582344242041, 0.6470597503057944, 0.6470612661873849, 0.6470627820689753, 0.6470642979505656, 0.6470646845751697, 0.6470650711997741, 0.6470654578243782, 0.6470658444489824, 0.6470662306813959, 0.6470666169138095, 0.647067003146223, 0.6470673893786365, 0.6470674870697775]"
38,C2000-9.mtx,AFW,l0,Optimal Gamma (LS),51,True,8.574000180000075,"[-0.06952834371006403, 0.3714918998073458, 0.4963305432625526, 0.5502213431208325, 0.5787578044099885, 0.5958645809051105, 0.6070182703249472, 0.6147463999699181, 0.620353543951684, 0.6245714617974768, 0.627837951673843, 0.6304287960341115, 0.6325252055502188, 0.6342505151975495, 0.6356912094339591, 0.6369095044186661, 0.6379511628329255, 0.6388505062234435, 0.6396337214212502, 0.6403210962989987, 0.6409285651656147, 0.6414687981803855, 0.6419519830330858, 0.6423863948649062, 0.6427788178844214, 0.6431348614405961, 0.6434591998739028, 0.6437557565776026, 0.6440278467137335, 0.6442782889349661, 0.6445094936242526, 0.6447235331669225, 0.6449221983478397, 0.6451070439413062, 0.6452794258151222, 0.6454405313210475, 0.6455914043359057, 0.6457329660117175, 0.6458660320620746, 0.6459913272357187, 0.6461094974930567, 0.646221120296663, 0.6463267133454257, 0.6464267420180955, 0.6465216257417428, 0.6466117434606531, 0.6466974383494315, 0.6467790218885308, 0.6468567773998981, 0.6469309631237758, 0.6470018149041774]"
39,C2000-9.mtx,PGD,l0,Optimal Gamma (LS),52,True,15.453811100000166,"[0.5502031356443682, 0.550555621521138, 0.5509082226836992, 0.5512619568046592, 0.5516178444517768, 0.5519769149030829, 0.552340211997159, 0.5527088000599396, 0.5530837699496298, 0.553466245262489, 0.553857388742472, 0.5542566710824903, 0.5546640019797053, 0.5550804757697902, 0.5555028683962875, 0.5559332768966031, 0.5563677228958512, 0.5568049240627926, 0.5572446734467269, 0.5576856947513795, 0.5581315853535178, 0.5585740394446235, 0.5590194159227275, 0.5594656093050105, 0.55990777393653, 0.5603437268614551, 0.56077846787563, 0.5612106393037719, 0.5616407135537504, 0.5620691256067571, 0.5624952636447413, 0.5629197952743488, 0.5633414561725527, 0.5637616474807711, 0.5641840627842882, 0.5646056277500773, 0.5650338153451545, 0.5654576903271351, 0.5658800854927346, 0.5662972070642928, 0.5667140669958566, 0.5671331070247415, 0.5675506678601332, 0.5679592354619976, 0.5683645795460339, 0.5687660573731615, 0.5691633513122765, 0.5695590056882422, 0.5699538536003654, 0.5703497253478144, 0.570742715144064, 0.5711351578790984, 0.5715273418954046, 0.5719201631639939, 0.5723130204582005, 0.5727042021184725, 0.5730941389802909, 0.5734865717755937, 0.5738716218664961, 0.5742515118715675, 0.5746350795824896, 0.5750188376448531, 0.5753953074589998, 0.5757675058053544, 0.5761374120382425, 0.5765040952081204, 0.5768699038609048, 0.5772342918219862, 0.5775928297076995, 0.5779448595512215, 0.5782897508397407, 0.57863582753543, 0.5789826225750514, 0.5793279878088949, 0.5796737731644667, 0.5800197377576164, 0.5803688436444316, 0.5807194304998335, 0.581066201455267, 0.5814116129416907, 0.5817579996415905, 0.5821041491915921, 0.5824485645064058, 0.5827932494850014, 0.5831387637867083, 0.5834880231604087, 0.5838367587923339, 0.5841852774173814, 0.5845335879518545, 0.5848806223281883, 0.5852265621962898, 0.5855676223011842, 0.5859115221441319, 0.5862550690450425, 0.5865982974098347, 0.5869379180998866, 0.587274040982613, 0.5876065012068701, 0.5879345288994546, 0.5882639170375515, 0.5885952681978048]"
40,C2000-9.mtx,FW,l2,Armijo Rule,48,True,8.940175300000192,"[0.9000159999999564, 0.9012933593750201, 0.9028609848022799, 0.9043537937104702, 0.9044036343111655, 0.9060245650607612, 0.908887086098261, 0.9124371378598485, 0.9163513229266068, 0.9204476034617597, 0.9244649726522474, 0.928392673907234, 0.9321142684787385, 0.935592627433344, 0.9388332284293001, 0.9418196106854985, 0.9445300424099844, 0.9469784706786615, 0.9491816311975042, 0.951169833521694, 0.9529451420658168, 0.9545364578854415, 0.9559578923734264, 0.9572096194876893, 0.9583252407921099, 0.9593169976193643, 0.9601967195479425, 0.9609756137438302, 0.9616641420700645, 0.9622687614553419, 0.9628026540868242, 0.963271074591692, 0.9636843599711707, 0.9640486011540109, 0.9643676745608151, 0.9646473463411406, 0.9648913517814972, 0.9651068275420116, 0.9652959160329818, 0.9654627492593255, 0.9656083126777153, 0.9657368352604684, 0.9658496126878632, 0.9659491018816869, 0.9660363426027857, 0.9661132535954917, 0.9661806607264307, 0.9662391891335845, 0.9662906693113447, 0.9663355083306027, 0.9663746676774987, 0.9664094560385325, 0.96644000033739, 0.9664669734608095, 0.9664900987964281, 0.9665107638513767, 0.9665288275042353, 0.9665445358888342, 0.9665582083344747, 0.9665698031829323, 0.9665754381980151, 0.9665806476015733, 0.9665855530459521, 0.9665900770037137, 0.9665942171253584, 0.9665980086896863, 0.9666014099199974, 0.9666044957584911, 0.9666072623912019, 0.9666097363162998, 0.9666119569952853, 0.9666139429602836, 0.966615703237083, 0.9666172620331427, 0.9666186413076309, 0.9666198677678752, 0.9666209499055616, 0.9666219096726415, 0.9666227593428269, 0.9687062946748662, 0.9705372125990315, 0.9721460778638574, 0.9735597523858736, 0.9748018435102903, 0.9758930979816376, 0.9768517467322441, 0.9776938138648571, 0.9784333778429233, 0.9790828124276554, 0.9796529888843063, 0.9801534580342819, 0.9805926121914178, 0.9809778230775148, 0.9813155688945209, 0.9816115366598942, 0.981870722232095, 0.9820975096927302, 0.9822957503930605, 0.9824688219703068, 0.9826196888159954, 0.9827509491781372]"
41,C2000-9.mtx,PFW,l2,Armijo Rule,54,True,7.028303080000114,"[0.5, 0.75, 0.8125, 0.875, 0.890625, 0.90625, 0.921875, 0.9375, 0.94140625, 0.9453125, 0.94921875, 0.953125, 0.95703125, 0.9609375, 0.96484375, 0.96875, 0.9697265625, 0.970703125, 0.9716796875, 0.97265625, 0.9736328125, 0.974609375, 0.9755859375, 0.9765625, 0.9775390625, 0.978515625, 0.9794921875, 0.98046875, 0.9814453125, 0.982421875, 0.9833984375, 0.984375, 0.984619140625, 0.98486328125, 0.985107421875, 0.9853515625, 0.985595703125, 0.98583984375, 0.986083984375, 0.986328125, 0.986572265625, 0.98681640625, 0.987060546875, 0.9873046875, 0.987548828125, 0.98779296875, 0.988037109375, 0.98828125, 0.988525390625, 0.98876953125, 0.989013671875, 0.9892578125, 0.989501953125, 0.98974609375, 0.98980712890625, 0.9898681640625, 0.98992919921875, 0.989990234375, 0.99005126953125, 0.9901123046875, 0.99017333984375, 0.990234375, 0.99029541015625, 0.9903564453125, 0.9903678894042969, 0.9903793334960938, 0.9903907775878906, 0.9904022216796875, 0.9904136657714844, 0.9904251098632812, 0.9904365539550781, 0.990447998046875, 0.9904594421386719, 0.9904708862304688, 0.9904823303222656, 0.9904937744140625, 0.9905052185058594, 0.9905166625976562, 0.9905281066894531, 0.99053955078125, 0.9905509948730469, 0.9905624389648438, 0.9905738830566406, 0.9905853271484375, 0.9905879497528076, 0.9905905723571777, 0.9905931949615479, 0.990595817565918, 0.9905984401702881, 0.9906010627746582, 0.9906036853790283, 0.9906063079833984, 0.9906089305877686, 0.9906115531921387, 0.9906141757965088, 0.9906167984008789, 0.990619421005249, 0.9906220436096191, 0.990629255771637, 0.9906364679336548, 0.9906436800956726]"
42,C2000-9.mtx,AFW,l2,Armijo Rule,52,True,8.971857620000083,"[0.5, 0.75, 0.8125, 0.828125, 0.83203125, 0.8330078125, 0.833251953125, 0.83331298828125, 0.8749885559082031, 0.8984310626983643, 0.9116174727678299, 0.9190348284319043, 0.9232070909929462, 0.9255539886835322, 0.9268741186344869, 0.9276166917318989, 0.9280343890991931, 0.9282693438682961, 0.9284015059259165, 0.9284758470833281, 0.9285176639843721, 0.9285411859912094, 0.9285544171200552, 0.9285618596300309, 0.9285660460418925, 0.9374958790008241, 0.9443327823600058, 0.9495672864943795, 0.9535749537222593, 0.9566433239436049, 0.9589925448943224, 0.9607911671847156, 0.9621682373757979, 0.9632225567408452, 0.9640297700047096, 0.9646477926598559, 0.965120966255202, 0.9654832397891393, 0.9657606054635597, 0.9659729635580379, 0.9661355502241227, 0.966260030640344, 0.9663553359590134, 0.9664283040936196, 0.9664841703216775, 0.9665269429025344, 0.9665596906597528, 0.9665847631613731, 0.9666039592954264, 0.9666186563355608, 0.9666299087569138, 0.9666385238920121, 0.9666449452858694, 0.9666498834866604, 0.9666535497357661, 0.9666561562262062, 0.96665780097777, 0.9687414404222562, 0.9705720926179451, 0.9721807045235179, 0.9735940738926571, 0.9748361701030546, 0.9759275927361228, 0.9768861921863388, 0.9777278878301571, 0.9784666301368274, 0.9791146287982001, 0.9796825506602981, 0.9801796904701896, 0.9806141169259558, 0.9809927960152547, 0.9813216931362834, 0.9816058549999377, 0.9818494717983843, 0.9820559195757305, 0.9822391936626373, 0.9823976660529414, 0.982534153766368, 0.9826565417711743, 0.9827614941106272, 0.9828507297309067, 0.9829308871764654, 0.9829994089502576, 0.9830563963007062, 0.9831030147697593, 0.9831402722449034, 0.9831690368705177, 0.9831900527060191, 0.9832039533976215, 0.9832112740978125, 0.9832124618378169, 0.9837134432114023, 0.9841789348711207, 0.984610620164274, 0.9850100252905083, 0.9853785232291085, 0.9857173368095754, 0.9860275409122786, 0.9863100637797472, 0.9865656874125279, 0.9867950470165029]"
43,C2000-9.mtx,PGD,l2,Armijo Rule,52,True,5.225747200000114,"[0.9000159999999564, 0.900370052438386, 0.9007236961201611, 0.9010779620116737, 0.9014338794463523, 0.901792482057079, 0.902154813701232, 0.9025219344198245, 0.9028949264739998, 0.9032749005008811, 0.9036630018325286, 0.9040586616350513, 0.9044617978927676, 0.9048735047271266, 0.9052905929586221, 0.9057151436856588, 0.9061432358915873, 0.9065736350631556, 0.9070062655507519, 0.9074395458565281, 0.9078775566939814, 0.9083117710601347, 0.9087484642739057, 0.909185873781329, 0.9096188769286596, 0.9100456757601247, 0.9104707968959714, 0.9108933688669787, 0.9113135531594863, 0.9117319472482426, 0.9121472121294277, 0.9125615328958309, 0.9129721801371474, 0.9133812472191933, 0.9137921106935606, 0.9142013921277318, 0.9146169936372694, 0.9150295797652548, 0.9154402726240066, 0.9158448486770355, 0.916249328276222, 0.9166547229219406, 0.9170600630460283, 0.9174574795094653, 0.917849175589272, 0.9182395224780713, 0.9186238330108559, 0.9190064309599385, 0.9193875556093608, 0.919769287363732, 0.9201488830365273, 0.9205271042815865, 0.9209053851571327, 0.9212828041287078, 0.9216618384129383, 0.9220388303678745, 0.9224131655545272, 0.9227894877913347, 0.9231629643220708, 0.9235279788397047, 0.9238939307275078, 0.9242623361039657, 0.9246263638107702, 0.9249834061929482, 0.9253391400087223, 0.9256926559597664, 0.9260438138105151, 0.9263928391608324, 0.9267390788325578, 0.9270776222169271, 0.9274118311651145, 0.9277408998624971, 0.9280726346901822, 0.9284015355664371, 0.9287313194525374, 0.9290603053058535, 0.9293906040089973, 0.929723420749736, 0.9300559788830097, 0.9303847970272253, 0.930713673190918, 0.9310410275777761, 0.9313693151117062, 0.9316968887026453, 0.9320233414900359, 0.9323511845105192, 0.932682052236805, 0.9330133959583474, 0.933343742025875, 0.9336740832835146, 0.9340026840344986, 0.9343289087866348, 0.9346511468562826, 0.9349743949906957, 0.935298302013223, 0.9356229898565966, 0.9359442393541958, 0.9362617248084278, 0.9365739773175903, 0.9368821706051448, 0.9371919431370487]"
44,C2000-9.mtx,FW,l0,Armijo Rule,46,True,8.803911800000606,"[0.5502031356443682, 0.55263244589082, 0.556577309095781, 0.5609055714295968, 0.5660071590865022, 0.5712663607999684, 0.5766564249906049, 0.5819181549072617, 0.5869396806400191, 0.5916918512913402, 0.5960556533583699, 0.600095199855844, 0.6037726321390046, 0.6071019573505091, 0.6101219385792074, 0.6128457799942941, 0.6152763830678292, 0.6174409794596587, 0.6193654383456704, 0.6210838535072447, 0.6226051801175628, 0.6239585133221706, 0.6251596284084224, 0.6262177664564668, 0.6271549041650946, 0.6279790803945189, 0.6287078671351164, 0.6293513954636978, 0.6299189514420322, 0.6304189825826265, 0.6308568509871624, 0.6312405307685136, 0.6315786586847353, 0.6318763639780622, 0.63213559903717, 0.6323641352863695, 0.6325643888212479, 0.6327390622183231, 0.6328932689574323, 0.6330278782989971, 0.6331467837907041, 0.6332511614665666, 0.633342814177997, 0.6334237154170115, 0.6334725798022449, 0.6335421613397605, 0.6336018563431189, 0.6336528305209457, 0.6336817634254526, 0.6337248092731165, 0.6337616693064703, 0.6337932502913806, 0.6338200848994783, 0.6338434790591785, 0.6338638213146743, 0.6338816370340101, 0.6338908601549726, 0.633905846307672, 0.6339134864931837, 0.6339205797972964, 0.6339271898838407, 0.6339332096738952, 0.6339386361023307, 0.6339435193609202, 0.6339478341800644, 0.6339516813524995, 0.6339550776821967, 0.633958070488116, 0.633960718586158, 0.6339630561381082, 0.6339651048707502, 0.633966900507594, 0.6339684745289722, 0.6339698618780989, 0.6339710768384234, 0.6339721469055314, 0.6339730884194656, 0.6339739118564518, 0.6339746362856666, 0.6339752698444489, 0.6339758272151721, 0.6339763171976789, 0.6354713270949961, 0.6367402328483877, 0.637817484905757, 0.6387322850303526, 0.6395093762637593, 0.6401697152810337, 0.6407310466429637, 0.6412083969957723, 0.6416144847866384, 0.6419600763007872, 0.6422542871604932, 0.6425048316469599, 0.6427182432529603, 0.6429000525147992, 0.6430549437887014, 0.6431868854874032, 0.6432992245638951, 0.6433948416185133, 0.6434761337147441]"
45,C2000-9.mtx,PFW,l0,Armijo Rule,53,True,7.019174300000122,"[-0.06952834371006403, 0.3714918998073458, 0.4608566214640995, 0.5502213431208532, 0.5663526073332985, 0.5824838715457439, 0.5986151357581893, 0.6147463999706345, 0.6175167880268351, 0.6202871760830355, 0.6230575641392362, 0.6258279521954366, 0.6285983402516371, 0.6313687283078377, 0.6341391163640382, 0.6369095044202387, 0.637397881217013, 0.6378862580137872, 0.6383746348105614, 0.6388630116073357, 0.63935138840411, 0.6398397652008841, 0.6403281419976583, 0.6408165187944326, 0.6413048955912068, 0.6417932723879811, 0.6422816491847554, 0.6427700259815295, 0.6432584027783037, 0.643746779575078, 0.6442351563718522, 0.6447235331686265, 0.6448164753573755, 0.6449094175461246, 0.6450023597348737, 0.6450953019236227, 0.645188244112372, 0.645281186301121, 0.6453741284898701, 0.6454670706786192, 0.6455600128673684, 0.6456529550561174, 0.6457458972448666, 0.6458388394336156, 0.6459317816223648, 0.6460247238111139, 0.6461176659998629, 0.646210608188612, 0.6463035503773611, 0.6463964925661102, 0.6464894347548593, 0.6465823769436083, 0.6466753191323575, 0.6467023772288374, 0.6467294353253172, 0.6467564934217971, 0.6467835515182769, 0.6468106096147569, 0.6468376677112367, 0.6468647258077167, 0.6468917839041965, 0.6469188420006764, 0.6469459000971562, 0.6469729581936362, 0.6469776818094612, 0.6469824054252863, 0.6469871290411113, 0.6469918526569363, 0.6469965762727614, 0.6470012998885863, 0.6470060235044114, 0.6470107471202364, 0.6470154707360615, 0.6470201943518865, 0.6470249179677114, 0.6470296415835366, 0.6470343651993615, 0.6470390888151866, 0.6470438124310116, 0.6470485360468365, 0.6470532596626617, 0.6470579832784867, 0.6470627068943118, 0.6470674305101367, 0.6470721541259618, 0.6470768777417868, 0.6470779399011035, 0.6470790020604202, 0.6470800642197367, 0.6470811263790535, 0.6470821885383702, 0.6470832506976869, 0.6470843128570036, 0.6470853750163204, 0.647086437175637, 0.6470893723228914, 0.6470923074701459, 0.6470952426174004, 0.6470981777646548, 0.6471011129119093, 0.6471040480591637]"
46,C2000-9.mtx,AFW,l0,Armijo Rule,54,True,9.655084439999882,"[-0.06952834371006403, 0.3714918998073458, 0.4608566214640995, 0.4769878856765448, 0.4797582737327454, 0.48024665052951965, 0.4803395927182687, 0.5415823268563238, 0.572156388520402, 0.5871517021602155, 0.5944151678460837, 0.5979102925946251, 0.5995908125526803, 0.6004025295596952, 0.6094463120797122, 0.6154221119384043, 0.6207376599459296, 0.6245224721368403, 0.627217257152171, 0.6291369140388714, 0.6305057933837758, 0.6314833779919564, 0.6321828612380718, 0.6333442094516926, 0.6335106503858636, 0.6349246710108141, 0.6362674606289405, 0.6374087635919977, 0.638379236768847, 0.6392048474058076, 0.6399075871169656, 0.6405060789830235, 0.6410160932514786, 0.6414509850056329, 0.6418220653100286, 0.6421389157177297, 0.6424096546144706, 0.642641162652055, 0.6428392734664425, 0.6430089349646122, 0.6431543456803721, 0.6432790700264733, 0.6434713341274421, 0.6435499480908733, 0.6437647070047927, 0.6438007357999529, 0.6440362712829992, 0.6442876928363278, 0.6445205075892031, 0.6447361317810583, 0.6449358714185187, 0.645120930978624, 0.6452924214219218, 0.6454513675697555, 0.6455987148958791, 0.6457353357786657, 0.6458620352565837, 0.6459795563263016, 0.6460885848197055, 0.6461897538932861, 0.6462836481607188, 0.6463680147044373, 0.6464464310093925, 0.6465167013274016, 0.6465769981226746, 0.6466232623988095, 0.6466469072683082, 0.646656959238251, 0.6467008953081601, 0.6467360245172515, 0.646781131005246, 0.6468211376820564, 0.6468536391380013, 0.6468839497765478, 0.6469004092806461, 0.6469163320109337, 0.6469316705705557, 0.6469472209346858, 0.6469608329944028, 0.6469709530594625, 0.6469797985270106, 0.6469870958612208, 0.646990822345807, 0.6469930975592966, 0.6469962376910805, 0.6469984137586684, 0.6470020457021938, 0.6470049391936802, 0.6470083355909054, 0.6470106647065117, 0.6470193893422954, 0.6470280106816204, 0.6470287776526356, 0.6470296032962739, 0.6470382556839616, 0.6470467973902134, 0.6470544759074276, 0.6470624220460811, 0.6470699771695002, 0.6470773449799999, 0.6470845278423594]"
47,C2000-9.mtx,PGD,l0,Armijo Rule,52,True,5.176295199999913,"[0.5502031356443682, 0.5505573201654277, 0.5509116235638547, 0.5512670782999697, 0.5516247198141218, 0.551985592483323, 0.5523507556144112, 0.5527212895166365, 0.5530983016964323, 0.5534829332186963, 0.5538763652791578, 0.5542779563648015, 0.5546876329860717, 0.5551065222010443, 0.5555314717386655, 0.5559642930185769, 0.5564010969328557, 0.5568406734677647, 0.5572821835009794, 0.5577261149389836, 0.5581737462253922, 0.5586183957366871, 0.559066275000101, 0.5595139630364934, 0.5599578544882224, 0.5603954058052227, 0.5608322531603144, 0.5612661250231614, 0.5616980284040565, 0.5621278345143953, 0.5625563395896895, 0.5629818008141512, 0.56340547924486, 0.5638279278897931, 0.564251817361318, 0.5646763429876829, 0.5651069956867385, 0.565532186641187, 0.56595527320661, 0.5663747319059587, 0.5667935588533761, 0.5672150914540899, 0.5676327893708816, 0.568041858110636, 0.5684493927412428, 0.5688512011820375, 0.5692499210676587, 0.5696473227191088, 0.5700440297112634, 0.5704413912051631, 0.5708358550674775, 0.5712304598040542, 0.5716243467322455, 0.5720193409308842, 0.5724135405584105, 0.5728057987966684, 0.5731985288526948, 0.5735917256388251, 0.573976101174407, 0.5743588117862004, 0.5747448150398564, 0.5751285514913536, 0.5755051091266443, 0.5758785512462978, 0.5762493439159422, 0.5766172271427861, 0.576984625361094, 0.5773496802943384, 0.5777073472871805, 0.5780584681792831, 0.5784043988095422, 0.5787529984242702, 0.5791005403651708, 0.5794481078764886, 0.5797948040947747, 0.5801438126435343, 0.580495425239989, 0.5808471559557262, 0.5811939422271648, 0.5815418105380898, 0.5818896637518975, 0.5822370335707032, 0.5825832281928153, 0.5829293351688274, 0.5832778210894947, 0.5836290477465482, 0.5839787301848017, 0.5843296513007858, 0.5846784386621764, 0.5850285939152375, 0.5853725694874818, 0.5857162199742099, 0.5860612624743651, 0.5864073048595553, 0.586750610528793, 0.5870904414614122, 0.5874266608745077, 0.5877581673038306, 0.588087742390283, 0.5884201207520774, 0.5887515933113711]"
